"","date","areaName","cumCases","cumDeaths","newCases","newDeaths","newCasesAvg"
"6",2020-12-08,1,105852,4383,717,22,156.8
"7",2020-12-07,1,105135,4361,757,33,154.2
"8",2020-12-06,1,104378,4328,509,24,154.4
"9",2020-12-05,1,103869,4304,413,33,152.4
"10",2020-12-04,1,103456,4271,557,21,155.4
"11",2020-12-03,1,102899,4250,591,27,158.4
"12",2020-12-02,1,102308,4223,642,24,162.6
"13",2020-12-01,1,101666,4199,647,24,168.7
"14",2020-11-30,1,101019,4175,763,33,176.4
"15",2020-11-29,1,100256,4142,455,34,184.2
"16",2020-11-28,1,99801,4108,494,30,190.5
"17",2020-11-27,1,99307,4078,637,24,197.4
"18",2020-11-26,1,98670,4054,702,32,208.8
"19",2020-11-25,1,97968,4022,805,31,220.9
"20",2020-11-24,1,97163,3991,853,39,241
"21",2020-11-23,1,96310,3952,971,36,264.1
"22",2020-11-22,1,95339,3916,625,38,286.6
"23",2020-11-21,1,94714,3878,678,39,302.6
"24",2020-11-20,1,94036,3839,942,40,316.6
"25",2020-11-19,1,93094,3799,1023,33,337.9
"26",2020-11-18,1,92071,3766,1342,35,357
"27",2020-11-17,1,90729,3731,1470,35,376.3
"28",2020-11-16,1,89259,3696,1572,29,387.8
"29",2020-11-15,1,87687,3667,1052,36,405.9
"30",2020-11-14,1,86635,3631,1051,38,415
"31",2020-11-13,1,85584,3593,1511,32,426
"32",2020-11-12,1,84073,3561,1534,22,424.1
"33",2020-11-11,1,82539,3539,1858,25,422.3
"34",2020-11-10,1,80681,3514,1777,27,405.7
"35",2020-11-09,1,78904,3487,2055,41,396
"36",2020-11-08,1,76849,3446,1295,22,381.7
"37",2020-11-07,1,75554,3424,1345,32,370.4
"38",2020-11-06,1,74209,3392,1460,30,353.2
"39",2020-11-05,1,72749,3362,1486,26,343.8
"40",2020-11-04,1,71263,3336,1414,26,330.2
"41",2020-11-03,1,69849,3310,1519,23,321.1
"42",2020-11-02,1,68330,3287,1672,21,308.2
"43",2020-11-01,1,66658,3266,994,28,295
"44",2020-10-31,1,65664,3238,885,20,289.5
"45",2020-10-30,1,64779,3218,1210,31,288.6
"46",2020-10-29,1,63569,3187,1122,19,282.1
"47",2020-10-28,1,62447,3168,1171,29,286.1
"48",2020-10-27,1,61276,3139,1176,21,298.6
"49",2020-10-26,1,60100,3118,1317,24,308.3
"50",2020-10-25,1,58783,3094,848,18,311.8
"51",2020-10-24,1,57935,3076,861,19,311
"52",2020-10-23,1,57074,3057,1038,14,309
"53",2020-10-22,1,56036,3043,1227,25,310.5
"54",2020-10-21,1,54809,3018,1506,21,308.3
"55",2020-10-20,1,53303,2997,1434,24,303.9
"56",2020-10-19,1,51869,2973,1410,24,298.7
"57",2020-10-18,1,50459,2949,827,18,297.8
"58",2020-10-17,1,49632,2931,807,19,301.8
"59",2020-10-16,1,48825,2912,1079,16,303.1
"60",2020-10-15,1,47746,2896,1168,19,306.8
"61",2020-10-14,1,46578,2877,1388,18,314.6
"62",2020-10-13,1,45190,2859,1296,15,317.8
"63",2020-10-12,1,43894,2844,1387,12,323.2
"64",2020-10-11,1,42507,2832,933,18,322.7
"65",2020-10-10,1,41574,2814,841,18,332.7
"66",2020-10-09,1,40733,2796,1178,9,344.8
"67",2020-10-08,1,39555,2787,1377,17,346.2
"68",2020-10-07,1,38178,2770,1472,14,338.9
"69",2020-10-06,1,36706,2756,1442,11,319.8
"70",2020-10-05,1,35264,2745,1374,14,305
"71",2020-10-04,1,33890,2731,1199,13,289.8
"72",2020-10-03,1,32691,2718,1164,11,269.6
"73",2020-10-02,1,31527,2707,1216,20,255.2
"74",2020-10-01,1,30311,2687,1181,8,232.4
"75",2020-09-30,1,29130,2679,963,7,215.1
"76",2020-09-29,1,28167,2672,1046,8,203
"77",2020-09-28,1,27121,2664,969,10,184.4
"78",2020-09-27,1,26152,2654,660,15,171
"79",2020-09-26,1,25492,2639,778,11,168.4
"80",2020-09-25,1,24714,2628,608,9,155.5
"81",2020-09-24,1,24106,2619,719,3,150
"82",2020-09-23,1,23387,2616,640,6,136.9
"83",2020-09-22,1,22747,2610,549,5,125.2
"84",2020-09-21,1,22198,2605,611,9,114.5
"85",2020-09-20,1,21587,2596,590,7,99
"86",2020-09-19,1,20997,2589,434,2,82.2
"87",2020-09-18,1,20563,2587,463,5,71.8
"88",2020-09-17,1,20100,2582,369,7,61.9
"89",2020-09-16,1,19731,2575,328,5,56.9
"90",2020-09-15,1,19403,2570,263,10,53.4
"91",2020-09-14,1,19140,2560,196,2,51.9
"92",2020-09-13,1,18944,2558,141,1,52.2
"93",2020-09-12,1,18803,2557,156,6,53.3
"94",2020-09-11,1,18647,2551,200,4,56.2
"95",2020-09-10,1,18447,2547,236,1,55.3
"96",2020-09-09,1,18211,2546,234,1,54.1
"97",2020-09-08,1,17977,2545,224,3,50.1
"98",2020-09-07,1,17753,2542,203,3,46.1
"99",2020-09-06,1,17550,2539,170,3,41.9
"100",2020-09-05,1,17380,2536,233,4,37.8
"101",2020-09-04,1,17147,2532,176,2,32
"102",2020-09-03,1,16971,2530,204,7,27.9
"103",2020-09-02,1,16767,2523,127,1,22.8
"104",2020-09-01,1,16640,2522,118,1,20.6
"105",2020-08-31,1,16522,2521,91,2,18
"106",2020-08-30,1,16431,2519,61,1,16
"107",2020-08-29,1,16370,2518,78,5,14.6
"108",2020-08-28,1,16292,2513,67,5,12.9
"109",2020-08-27,1,16225,2508,66,3,12
"110",2020-08-26,1,16159,2505,68,2,11.1
"111",2020-08-25,1,16091,2503,49,2,10.3
"112",2020-08-24,1,16042,2501,39,0,9.8
"113",2020-08-23,1,16003,2501,23,6,9.6
"114",2020-08-22,1,15980,2495,33,1,9.1
"115",2020-08-21,1,15947,2494,42,4,8.5
"116",2020-08-20,1,15905,2490,43,7,8.1
"117",2020-08-19,1,15862,2483,46,5,8.5
"118",2020-08-18,1,15816,2478,36,2,8.2
"119",2020-08-17,1,15780,2476,32,3,8.6
"120",2020-08-16,1,15748,2473,11,0,8.2
"121",2020-08-15,1,15737,2473,18,4,8.3
"122",2020-08-14,1,15719,2469,31,1,8.1
"123",2020-08-13,1,15688,2468,53,3,7.5
"124",2020-08-12,1,15635,2465,39,3,6.4
"125",2020-08-11,1,15596,2462,45,3,6.1
"126",2020-08-10,1,15551,2459,21,4,5.1
"127",2020-08-09,1,15530,2455,15,6,5.1
"128",2020-08-08,1,15515,2449,12,3,5.1
"129",2020-08-07,1,15503,2446,15,4,5
"130",2020-08-06,1,15488,2442,24,5,4.9
"131",2020-08-05,1,15464,2437,30,0,4.5
"132",2020-08-04,1,15434,2437,20,2,4.2
"133",2020-08-03,1,15414,2435,19,4,3.6
"134",2020-08-02,1,15395,2431,16,3,3.3
"135",2020-08-01,1,15379,2428,9,4,2.9
"136",2020-07-31,1,15370,2424,12,6,2.7
"137",2020-07-30,1,15358,2418,15,3,2.5
"138",2020-07-29,1,15343,2415,21,1,2.3
"139",2020-07-28,1,15322,2414,5,5,2.1
"140",2020-07-27,1,15317,2409,9,4,2.4
"141",2020-07-26,1,15308,2405,6,2,2.5
"142",2020-07-25,1,15302,2403,5,2,2.5
"143",2020-07-24,1,15297,2401,7,2,2.5
"144",2020-07-23,1,15290,2399,8,2,2.6
"145",2020-07-22,1,15282,2397,16,3,2.9
"146",2020-07-21,1,15266,2394,14,3,2.9
"147",2020-07-20,1,15252,2391,11,3,2.8
"148",2020-07-19,1,15241,2388,7,3,2.7
"149",2020-07-18,1,15234,2385,4,3,2.6
"150",2020-07-17,1,15230,2382,10,4,2.7
"151",2020-07-16,1,15220,2378,15,0,2.7
"152",2020-07-15,1,15205,2378,16,1,2.8
"153",2020-07-14,1,15189,2377,12,5,2.6
"154",2020-07-13,1,15177,2372,9,5,2.6
"155",2020-07-12,1,15168,2367,3,2,2.7
"156",2020-07-11,1,15165,2365,7,1,2.7
"157",2020-07-10,1,15158,2364,10,4,2.8
"158",2020-07-09,1,15148,2360,17,2,2.7
"159",2020-07-08,1,15131,2358,12,4,2.4
"160",2020-07-07,1,15119,2354,12,2,2.2
"161",2020-07-06,1,15107,2352,11,3,2.2
"162",2020-07-05,1,15096,2349,4,2,2.2
"163",2020-07-04,1,15092,2347,9,4,2.4
"164",2020-07-03,1,15083,2343,8,4,2.5
"165",2020-07-02,1,15075,2339,9,4,2.5
"166",2020-07-01,1,15066,2335,7,5,2.7
"167",2020-06-30,1,15059,2330,11,4,2.8
"168",2020-06-29,1,15048,2326,11,3,3.4
"169",2020-06-28,1,15037,2323,9,7,3.9
"170",2020-06-27,1,15028,2316,13,2,3.7
"171",2020-06-26,1,15015,2314,8,7,3.8
"172",2020-06-25,1,15007,2307,12,12,4
"173",2020-06-24,1,14995,2295,11,3,4.5
"174",2020-06-23,1,14984,2292,26,7,4.8
"175",2020-06-22,1,14958,2285,24,5,4.5
"176",2020-06-21,1,14934,2280,4,9,4.8
"177",2020-06-20,1,14930,2271,17,5,5.8
"178",2020-06-19,1,14913,2266,14,3,6.3
"179",2020-06-18,1,14899,2263,23,8,7.3
"180",2020-06-17,1,14876,2255,19,3,7.3
"181",2020-06-16,1,14857,2252,18,11,8
"182",2020-06-15,1,14839,2241,32,3,8.8
"183",2020-06-14,1,14807,2238,31,8,8.8
"184",2020-06-13,1,14776,2230,31,6,8.3
"185",2020-06-12,1,14745,2224,40,6,8.2
"186",2020-06-11,1,14705,2218,23,11,8.3
"187",2020-06-10,1,14682,2207,38,8,9.6
"188",2020-06-09,1,14644,2199,40,11,10.1
"189",2020-06-08,1,14604,2188,33,10,10.8
"190",2020-06-07,1,14571,2178,17,12,12.2
"191",2020-06-06,1,14554,2166,28,7,13.3
"192",2020-06-05,1,14526,2159,42,15,14
"193",2020-06-04,1,14484,2144,59,11,15
"194",2020-06-03,1,14425,2133,51,10,14.6
"195",2020-06-02,1,14374,2123,59,20,17.1
"196",2020-06-01,1,14315,2103,70,7,18.6
"197",2020-05-31,1,14245,2096,46,15,18.2
"198",2020-05-30,1,14199,2081,46,14,19.4
"199",2020-05-29,1,14153,2067,70,23,20.5
"200",2020-05-28,1,14083,2044,49,17,21.4
"201",2020-05-27,1,14034,2027,116,14,24.5
"202",2020-05-26,1,13918,2013,100,23,25
"203",2020-05-25,1,13818,1990,59,12,25.9
"204",2020-05-24,1,13759,1978,77,18,29.2
"205",2020-05-23,1,13682,1960,76,18,30
"206",2020-05-22,1,13606,1942,95,18,31.9
"207",2020-05-21,1,13511,1924,130,23,33.4
"208",2020-05-20,1,13381,1901,131,19,33.7
"209",2020-05-19,1,13250,1882,124,22,34.2
"210",2020-05-18,1,13126,1860,147,34,37.8
"211",2020-05-17,1,12979,1826,98,30,40.8
"212",2020-05-16,1,12881,1796,126,34,42.8
"213",2020-05-15,1,12755,1762,137,21,43.7
"214",2020-05-14,1,12618,1741,138,27,44.5
"215",2020-05-13,1,12480,1714,142,29,46.8
"216",2020-05-12,1,12338,1685,220,20,50.6
"217",2020-05-11,1,12118,1665,229,30,51.8
"218",2020-05-10,1,11889,1635,150,21,51.9
"219",2020-05-09,1,11739,1614,151,27,52.4
"220",2020-05-08,1,11588,1587,158,29,53.6
"221",2020-05-07,1,11430,1558,199,36,57.9
"222",2020-05-06,1,11231,1522,243,27,64.8
"223",2020-05-05,1,10988,1495,252,28,69.1
"224",2020-05-04,1,10736,1467,234,28,73.2
"225",2020-05-03,1,10502,1439,162,31,75
"226",2020-05-02,1,10340,1408,183,42,74.9
"227",2020-05-01,1,10157,1366,273,41,76.1
"228",2020-04-30,1,9884,1325,384,33,78.3
"229",2020-04-29,1,9500,1292,358,30,76.3
"230",2020-04-28,1,9142,1262,361,42,76.4
"231",2020-04-27,1,8781,1220,281,33,73.7
"232",2020-04-26,1,8500,1187,159,34,75
"233",2020-04-25,1,8341,1153,215,49,79.4
"234",2020-04-24,1,8126,1104,332,29,85.5
"235",2020-04-23,1,7794,1075,332,34,84
"236",2020-04-22,1,7462,1041,361,38,82.6
"237",2020-04-21,1,7101,1003,288,37,79.7
"238",2020-04-20,1,6813,966,315,43,78.6
"239",2020-04-19,1,6498,923,276,45,75.5
"240",2020-04-18,1,6222,878,379,50,72.7
"241",2020-04-17,1,5843,828,292,37,68.5
"242",2020-04-16,1,5551,791,295,25,66.7
"243",2020-04-15,1,5256,766,284,32,67.4
"244",2020-04-14,1,4972,734,257,52,67.6
"245",2020-04-13,1,4715,682,232,37,71.1
"246",2020-04-12,1,4483,645,201,46,76.4
"247",2020-04-11,1,4282,599,267,49,77.2
"248",2020-04-10,1,4015,550,245,56,76.7
"249",2020-04-09,1,3770,494,314,47,77.3
"250",2020-04-08,1,3456,447,289,45,73.7
"251",2020-04-07,1,3167,402,350,41,74.5
"252",2020-04-06,1,2817,361,375,43,69.2
"253",2020-04-05,1,2442,318,221,45,61.8
"254",2020-04-04,1,2221,273,254,46,57.5
"255",2020-04-03,1,1967,227,261,43,52.2
"256",2020-04-02,1,1706,184,219,32,46.3
"257",2020-04-01,1,1487,152,308,33,41.7
"352",2020-12-08,2,320999,12987,1550,74,133
"353",2020-12-07,2,319449,12913,1831,71,135
"354",2020-12-06,2,317618,12842,1135,66,135.6
"355",2020-12-05,2,316483,12776,994,66,134.5
"356",2020-12-04,2,315489,12710,1451,67,136.5
"357",2020-12-03,2,314038,12643,1353,85,136.2
"358",2020-12-02,2,312685,12558,1449,70,139.5
"359",2020-12-01,2,311236,12488,1695,81,144.8
"360",2020-11-30,2,309541,12407,1878,81,147
"361",2020-11-29,2,307663,12326,1055,76,151.1
"362",2020-11-28,2,306608,12250,1140,70,155.5
"363",2020-11-27,2,305468,12180,1429,81,158.8
"364",2020-11-26,2,304039,12099,1597,74,166.4
"365",2020-11-25,2,302442,12025,1833,104,174.2
"366",2020-11-24,2,300609,11921,1859,90,184.4
"367",2020-11-23,2,298750,11831,2178,90,200.6
"368",2020-11-22,2,296572,11741,1382,84,216.8
"369",2020-11-21,2,295190,11657,1378,103,226.8
"370",2020-11-20,2,293812,11554,1986,96,240.4
"371",2020-11-19,2,291826,11458,2176,86,257.3
"372",2020-11-18,2,289650,11372,2578,124,274.2
"373",2020-11-17,2,287072,11248,3047,98,292.4
"374",2020-11-16,2,284025,11150,3368,95,304
"375",2020-11-15,2,280657,11055,2117,107,322.3
"376",2020-11-14,2,278540,10948,2374,98,336.7
"377",2020-11-13,2,276166,10850,3226,120,342.7
"378",2020-11-12,2,272940,10730,3419,103,351.2
"379",2020-11-11,2,269521,10627,3913,99,357.8
"380",2020-11-10,2,265608,10528,3900,92,360.2
"381",2020-11-09,2,261708,10436,4715,108,367.6
"382",2020-11-08,2,256993,10328,3173,102,384.2
"383",2020-11-07,2,253820,10226,2810,103,382.7
"384",2020-11-06,2,251010,10123,3851,109,387.3
"385",2020-11-05,2,247159,10014,3908,106,394.4
"386",2020-11-04,2,243251,9908,4089,94,403.1
"387",2020-11-03,2,239162,9814,4439,109,410.6
"388",2020-11-02,2,234723,9705,5934,92,417.5
"389",2020-11-01,2,228789,9613,3066,91,412.2
"390",2020-10-31,2,225723,9522,3143,97,415.1
"391",2020-10-30,2,222580,9425,4372,103,418.5
"392",2020-10-29,2,218208,9322,4546,98,420
"393",2020-10-28,2,213662,9224,4646,79,423.2
"394",2020-10-27,2,209016,9145,4942,78,435.5
"395",2020-10-26,2,204074,9067,5543,75,444.4
"396",2020-10-25,2,198531,8992,3283,83,452.8
"397",2020-10-24,2,195248,8909,3392,73,451.8
"398",2020-10-23,2,191856,8836,4484,69,454.5
"399",2020-10-22,2,187372,8767,4780,66,446.4
"400",2020-10-21,2,182592,8701,5548,74,438.1
"401",2020-10-20,2,177044,8627,5595,70,423.5
"402",2020-10-19,2,171449,8557,6160,62,405.6
"403",2020-10-18,2,165289,8495,3209,58,386.6
"404",2020-10-17,2,162080,8437,3589,66,382.8
"405",2020-10-16,2,158491,8371,3892,53,374
"406",2020-10-15,2,154599,8318,4170,51,371.8
"407",2020-10-14,2,150429,8267,4477,45,373.3
"408",2020-10-13,2,145952,8222,4282,36,371.8
"409",2020-10-12,2,141670,8186,4760,48,375.3
"410",2020-10-11,2,136910,8138,2933,42,369.5
"411",2020-10-10,2,133977,8096,2939,45,369.1
"412",2020-10-09,2,131038,8051,3736,32,369.2
"413",2020-10-08,2,127302,8019,4277,31,364.9
"414",2020-10-07,2,123025,7988,4366,37,355.6
"415",2020-10-06,2,118659,7951,4537,29,345.6
"416",2020-10-05,2,114122,7922,4338,28,327
"417",2020-10-04,2,109784,7894,2901,23,308.7
"418",2020-10-03,2,106883,7871,2948,28,299.7
"419",2020-10-02,2,103935,7843,3424,34,287.1
"420",2020-10-01,2,100511,7809,3594,29,270.7
"421",2020-09-30,2,96917,7780,3628,35,251.8
"422",2020-09-29,2,93289,7745,3173,16,231.8
"423",2020-09-28,2,90116,7729,2992,22,215.5
"424",2020-09-27,2,87124,7707,2246,21,194.8
"425",2020-09-26,2,84878,7686,2019,22,185.5
"426",2020-09-25,2,82859,7664,2217,13,178.6
"427",2020-09-24,2,80642,7651,2212,21,167.4
"428",2020-09-23,2,78430,7630,2159,30,156.5
"429",2020-09-22,2,76271,7600,1972,23,146.8
"430",2020-09-21,2,74299,7577,1477,15,134.5
"431",2020-09-20,2,72822,7562,1563,13,128.7
"432",2020-09-19,2,71259,7549,1511,10,115.7
"433",2020-09-18,2,69748,7539,1398,12,105.5
"434",2020-09-17,2,68350,7527,1407,14,98.4
"435",2020-09-16,2,66943,7513,1450,13,91.6
"436",2020-09-15,2,65493,7500,1067,12,83.3
"437",2020-09-14,2,64426,7488,1050,13,80.4
"438",2020-09-13,2,63376,7475,612,8,79.2
"439",2020-09-12,2,62764,7467,760,16,78.7
"440",2020-09-11,2,62004,7451,875,7,75.7
"441",2020-09-10,2,61129,7444,912,9,72.4
"442",2020-09-09,2,60217,7435,838,18,68.6
"443",2020-09-08,2,59379,7417,858,15,66.3
"444",2020-09-07,2,58521,7402,961,16,60.7
"445",2020-09-06,2,57560,7386,574,14,51.2
"446",2020-09-05,2,56986,7372,541,20,46.9
"447",2020-09-04,2,56445,7352,634,10,42.9
"448",2020-09-03,2,55811,7342,630,7,39.1
"449",2020-09-02,2,55181,7335,666,8,34.5
"450",2020-09-01,2,54515,7327,449,5,29.3
"451",2020-08-31,2,54066,7322,263,9,26.1
"452",2020-08-30,2,53803,7313,257,8,25.6
"453",2020-08-29,2,53546,7305,247,5,23.7
"454",2020-08-28,2,53299,7300,360,9,22.7
"455",2020-08-27,2,52939,7291,289,7,20.7
"456",2020-08-26,2,52650,7284,285,11,19.8
"457",2020-08-25,2,52365,7273,212,13,19.3
"458",2020-08-24,2,52153,7260,230,9,19.1
"459",2020-08-23,2,51923,7251,118,16,19.8
"460",2020-08-22,2,51805,7235,173,13,19.7
"461",2020-08-21,2,51632,7222,210,11,19.5
"462",2020-08-20,2,51422,7211,224,13,19.9
"463",2020-08-19,2,51198,7198,253,12,20.1
"464",2020-08-18,2,50945,7186,191,8,20.4
"465",2020-08-17,2,50754,7178,282,16,22
"466",2020-08-16,2,50472,7162,115,12,23
"467",2020-08-15,2,50357,7150,156,18,23.6
"468",2020-08-14,2,50201,7132,241,13,24.4
"469",2020-08-13,2,49960,7119,236,8,24.4
"470",2020-08-12,2,49724,7111,275,14,25
"471",2020-08-11,2,49449,7097,309,13,24.8
"472",2020-08-10,2,49140,7084,358,9,24.4
"473",2020-08-09,2,48782,7075,159,15,23.6
"474",2020-08-08,2,48623,7060,215,16,23.7
"475",2020-08-07,2,48408,7044,240,14,22.9
"476",2020-08-06,2,48168,7030,279,15,22
"477",2020-08-05,2,47889,7015,260,9,21.2
"478",2020-08-04,2,47629,7006,278,8,21.6
"479",2020-08-03,2,47351,6998,299,18,20.5
"480",2020-08-02,2,47052,6980,166,10,19.1
"481",2020-08-01,2,46886,6970,158,5,18.9
"482",2020-07-31,2,46728,6965,178,13,18.7
"483",2020-07-30,2,46550,6952,221,11,18.4
"484",2020-07-29,2,46329,6941,288,15,17.9
"485",2020-07-28,2,46041,6926,198,7,16.8
"486",2020-07-27,2,45843,6919,190,5,16.2
"487",2020-07-26,2,45653,6914,158,15,15.9
"488",2020-07-25,2,45495,6899,137,11,15
"489",2020-07-24,2,45358,6888,158,12,14.5
"490",2020-07-23,2,45200,6876,183,10,13.9
"491",2020-07-22,2,45017,6866,208,18,13.4
"492",2020-07-21,2,44809,6848,156,15,12.6
"493",2020-07-20,2,44653,6833,164,12,12
"494",2020-07-19,2,44489,6821,93,12,11.2
"495",2020-07-18,2,44396,6809,106,10,10.6
"496",2020-07-17,2,44290,6799,110,17,10.3
"497",2020-07-16,2,44180,6782,150,13,10
"498",2020-07-15,2,44030,6769,146,14,9.7
"499",2020-07-14,2,43884,6755,109,17,9.3
"500",2020-07-13,2,43775,6738,105,9,9.1
"501",2020-07-12,2,43670,6729,54,9,9.6
"502",2020-07-11,2,43616,6720,79,12,10.4
"503",2020-07-10,2,43537,6708,88,11,10.3
"504",2020-07-09,2,43449,6697,130,21,10.4
"505",2020-07-08,2,43319,6676,115,14,9.9
"506",2020-07-07,2,43204,6662,94,15,9.9
"507",2020-07-06,2,43110,6647,142,14,10
"508",2020-07-05,2,42968,6633,115,11,9.8
"509",2020-07-04,2,42853,6622,71,12,9.5
"510",2020-07-03,2,42782,6610,96,20,9.8
"511",2020-07-02,2,42686,6590,97,13,9.9
"512",2020-07-01,2,42589,6577,112,14,10.3
"513",2020-06-30,2,42477,6563,103,20,11
"514",2020-06-29,2,42374,6543,123,15,11.3
"515",2020-06-28,2,42251,6528,95,23,11.8
"516",2020-06-27,2,42156,6505,93,17,11.8
"517",2020-06-26,2,42063,6488,105,19,12.2
"518",2020-06-25,2,41958,6469,127,28,13
"519",2020-06-24,2,41831,6441,159,27,13.7
"520",2020-06-23,2,41672,6414,127,33,14
"521",2020-06-22,2,41545,6381,157,23,15.2
"522",2020-06-21,2,41388,6358,99,13,15.3
"523",2020-06-20,2,41289,6345,118,24,15.9
"524",2020-06-19,2,41171,6321,165,16,16.1
"525",2020-06-18,2,41006,6305,179,23,16.1
"526",2020-06-17,2,40827,6282,184,24,16.1
"527",2020-06-16,2,40643,6258,211,29,16.6
"528",2020-06-15,2,40432,6229,165,25,16.7
"529",2020-06-14,2,40267,6204,148,30,16.7
"530",2020-06-13,2,40119,6174,128,22,16.5
"531",2020-06-12,2,39991,6152,170,23,16.5
"532",2020-06-11,2,39821,6129,177,28,17
"533",2020-06-10,2,39644,6101,223,31,17.8
"534",2020-06-09,2,39421,6070,218,28,18.3
"535",2020-06-08,2,39203,6042,165,41,19.2
"536",2020-06-07,2,39038,6001,129,36,20.6
"537",2020-06-06,2,38909,5965,132,39,22
"538",2020-06-05,2,38777,5926,203,34,23.1
"539",2020-06-04,2,38574,5892,240,33,24.5
"540",2020-06-03,2,38334,5859,256,37,25.6
"541",2020-06-02,2,38078,5822,287,41,26.2
"542",2020-06-01,2,37791,5781,262,32,26.5
"543",2020-05-31,2,37529,5749,233,29,26.5
"544",2020-05-30,2,37296,5720,216,35,26.9
"545",2020-05-29,2,37080,5685,303,41,27.9
"546",2020-05-28,2,36777,5644,324,50,28.9
"547",2020-05-27,2,36453,5594,295,39,30.3
"548",2020-05-26,2,36158,5555,309,41,33.1
"549",2020-05-25,2,35849,5514,268,45,36.8
"550",2020-05-24,2,35581,5469,263,45,38.8
"551",2020-05-23,2,35318,5424,289,48,39.3
"552",2020-05-22,2,35029,5376,376,38,40.9
"553",2020-05-21,2,34653,5338,427,50,41.2
"554",2020-05-20,2,34226,5288,498,44,41.2
"555",2020-05-19,2,33728,5244,584,60,41.5
"556",2020-05-18,2,33144,5184,410,50,41.1
"557",2020-05-17,2,32734,5134,301,45,42.7
"558",2020-05-16,2,32433,5089,407,55,43.3
"559",2020-05-15,2,32026,5034,394,67,42.5
"560",2020-05-14,2,31632,4967,428,47,43.7
"561",2020-05-13,2,31204,4920,526,49,44.8
"562",2020-05-12,2,30678,4871,550,71,45.6
"563",2020-05-11,2,30128,4800,531,53,45.9
"564",2020-05-10,2,29597,4747,346,79,44.5
"565",2020-05-09,2,29251,4668,344,56,46.5
"566",2020-05-08,2,28907,4612,482,80,47.5
"567",2020-05-07,2,28425,4532,509,81,50.8
"568",2020-05-06,2,27916,4451,585,76,54.4
"569",2020-05-05,2,27331,4375,576,67,57.3
"570",2020-05-04,2,26755,4308,427,81,59.1
"571",2020-05-03,2,26328,4227,492,83,61.7
"572",2020-05-02,2,25836,4144,413,82,60.9
"573",2020-05-01,2,25423,4062,727,76,62.7
"574",2020-04-30,2,24696,3986,773,93,63
"575",2020-04-29,2,23923,3893,795,88,64.2
"576",2020-04-28,2,23128,3805,710,86,65.8
"577",2020-04-27,2,22418,3719,622,93,65.6
"578",2020-04-26,2,21796,3626,428,93,66.2
"579",2020-04-25,2,21368,3533,549,93,68.7
"580",2020-04-24,2,20819,3440,750,107,73
"581",2020-04-23,2,20069,3333,859,112,70.6
"582",2020-04-22,2,19210,3221,912,127,69.6
"583",2020-04-21,2,18298,3094,693,106,66.6
"584",2020-04-20,2,17605,2988,672,106,65.8
"585",2020-04-19,2,16933,2882,607,95,64.9
"586",2020-04-18,2,16326,2787,863,135,63.3
"587",2020-04-17,2,15463,2652,580,118,59.9
"588",2020-04-16,2,14883,2534,779,166,60.2
"589",2020-04-15,2,14104,2368,695,129,60.5
"590",2020-04-14,2,13409,2239,633,153,62.6
"591",2020-04-13,2,12776,2086,609,145,64.8
"592",2020-04-12,2,12167,1941,488,155,68.4
"593",2020-04-11,2,11679,1786,610,152,70.2
"594",2020-04-10,2,11069,1634,602,140,70.1
"595",2020-04-09,2,10467,1494,804,129,71.1
"596",2020-04-08,2,9663,1365,852,138,69.4
"597",2020-04-07,2,8811,1227,791,159,66.2
"598",2020-04-06,2,8020,1068,873,107,63
"599",2020-04-05,2,7147,961,624,120,58
"600",2020-04-04,2,6523,841,597,101,54.4
"601",2020-04-03,2,5926,740,682,111,50.7
"602",2020-04-02,2,5244,629,677,112,45.9
"603",2020-04-01,2,4567,517,619,93,41.6
"698",2020-12-08,3,225609,7911,1329,42,145.6
"699",2020-12-07,3,224280,7869,1404,49,148.2
"700",2020-12-06,3,222876,7820,865,53,153.6
"701",2020-12-05,3,222011,7767,876,42,156.7
"702",2020-12-04,3,221135,7725,1050,66,160.6
"703",2020-12-03,3,220085,7659,1153,77,165.4
"704",2020-12-02,3,218932,7582,1338,69,169.7
"705",2020-12-01,3,217594,7513,1468,45,174.7
"706",2020-11-30,3,216126,7468,1701,61,180
"707",2020-11-29,3,214425,7407,1037,59,186.5
"708",2020-11-28,3,213388,7348,1092,74,192.2
"709",2020-11-27,3,212296,7274,1311,77,197.2
"710",2020-11-26,3,210985,7197,1393,72,208.6
"711",2020-11-25,3,209592,7125,1611,76,221.2
"712",2020-11-24,3,207981,7049,1762,83,238.9
"713",2020-11-23,3,206219,6966,2059,86,262.4
"714",2020-11-22,3,204160,6880,1350,78,284.5
"715",2020-11-21,3,202810,6802,1366,77,298
"716",2020-11-20,3,201444,6725,1938,73,318.6
"717",2020-11-19,3,199506,6652,2089,83,339.3
"718",2020-11-18,3,197417,6569,2581,85,359.5
"719",2020-11-17,3,194836,6484,3056,63,379.9
"720",2020-11-16,3,191780,6421,3274,54,392.9
"721",2020-11-15,3,188506,6367,2094,80,415
"722",2020-11-14,3,186412,6287,2503,77,429.5
"723",2020-11-13,3,183909,6210,3076,68,435.5
"724",2020-11-12,3,180833,6142,3198,85,445.6
"725",2020-11-11,3,177635,6057,3705,62,452.7
"726",2020-11-10,3,173930,5995,3772,67,449.1
"727",2020-11-09,3,170158,5928,4489,99,452.3
"728",2020-11-08,3,165669,5829,2892,66,455.5
"729",2020-11-07,3,162777,5763,2833,82,454.2
"730",2020-11-06,3,159944,5681,3634,72,450.5
"731",2020-11-05,3,156310,5609,3587,61,447.4
"732",2020-11-04,3,152723,5548,3505,49,445
"733",2020-11-03,3,149218,5499,3948,72,446.4
"734",2020-11-02,3,145270,5427,4669,47,439.7
"735",2020-11-01,3,140601,5380,2820,54,424.8
"736",2020-10-31,3,137781,5326,2627,59,412.6
"737",2020-10-30,3,135154,5267,3465,52,405.8
"738",2020-10-29,3,131689,5215,3456,51,396.9
"739",2020-10-28,3,128233,5164,3581,41,394.1
"740",2020-10-27,3,124652,5123,3580,41,392.5
"741",2020-10-26,3,121072,5082,3848,41,392.2
"742",2020-10-25,3,117224,5041,2150,34,391.8
"743",2020-10-24,3,115074,5007,2250,35,393
"744",2020-10-23,3,112824,4972,2978,39,395.1
"745",2020-10-22,3,109846,4933,3300,34,385.2
"746",2020-10-21,3,106546,4899,3491,46,370.4
"747",2020-10-20,3,103055,4853,3565,39,357.4
"748",2020-10-19,3,99490,4814,3825,33,338.6
"749",2020-10-18,3,95665,4781,2217,23,318.9
"750",2020-10-17,3,93448,4758,2367,35,308.1
"751",2020-10-16,3,91081,4723,2433,28,299.9
"752",2020-10-15,3,88648,4695,2487,17,289.6
"753",2020-10-14,3,86161,4678,2773,18,288.5
"754",2020-10-13,3,83388,4660,2529,18,286.4
"755",2020-10-12,3,80859,4642,2744,20,284.3
"756",2020-10-11,3,78115,4622,1621,16,275.7
"757",2020-10-10,3,76494,4606,1916,18,276.7
"758",2020-10-09,3,74578,4588,1869,22,272
"759",2020-10-08,3,72709,4566,2425,13,278.1
"760",2020-10-07,3,70284,4553,2658,17,272.8
"761",2020-10-06,3,67626,4536,2414,14,257
"762",2020-10-05,3,65212,4522,2266,13,238.2
"763",2020-10-04,3,62946,4509,1677,8,223.4
"764",2020-10-03,3,61269,4501,1658,7,211.6
"765",2020-10-02,3,59611,4494,2206,13,196.4
"766",2020-10-01,3,57405,4481,2134,13,170.9
"767",2020-09-30,3,55271,4468,1787,6,148.8
"768",2020-09-29,3,53484,4462,1382,4,129.6
"769",2020-09-28,3,52102,4458,1451,8,117.5
"770",2020-09-27,3,50651,4450,1024,13,102.3
"771",2020-09-26,3,49627,4437,823,8,95.8
"772",2020-09-25,3,48804,4429,801,7,91
"773",2020-09-24,3,48003,4422,923,7,86.5
"774",2020-09-23,3,47080,4415,728,6,80.1
"775",2020-09-22,3,46352,4409,714,11,76.8
"776",2020-09-21,3,45638,4398,616,6,71.4
"777",2020-09-20,3,45022,4392,665,6,67.3
"778",2020-09-19,3,44357,4386,559,5,60.6
"779",2020-09-18,3,43798,4381,557,15,56.1
"780",2020-09-17,3,43241,4366,569,8,53
"781",2020-09-16,3,42672,4358,545,9,51
"782",2020-09-15,3,42127,4349,419,5,48.2
"783",2020-09-14,3,41708,4344,387,6,47.6
"784",2020-09-13,3,41321,4338,297,6,50.1
"785",2020-09-12,3,41024,4332,314,11,50.2
"786",2020-09-11,3,40710,4321,384,7,50.2
"787",2020-09-10,3,40326,4314,461,6,48.7
"788",2020-09-09,3,39865,4308,393,5,46.4
"789",2020-09-08,3,39472,4303,381,7,46
"790",2020-09-07,3,39091,4296,525,6,43.9
"791",2020-09-06,3,38566,4290,305,6,37.9
"792",2020-09-05,3,38261,4284,312,7,34.9
"793",2020-09-04,3,37949,4277,303,8,32.3
"794",2020-09-03,3,37646,4269,335,5,29.8
"795",2020-09-02,3,37311,4264,373,10,27.3
"796",2020-09-01,3,36938,4254,264,6,22.7
"797",2020-08-31,3,36674,4248,192,3,20.3
"798",2020-08-30,3,36482,4245,143,4,19.2
"799",2020-08-29,3,36339,4241,170,7,18.3
"800",2020-08-28,3,36169,4234,161,4,16.8
"801",2020-08-27,3,36008,4230,199,4,16.3
"802",2020-08-26,3,35809,4226,119,5,15.6
"803",2020-08-25,3,35690,4221,135,6,16
"804",2020-08-24,3,35555,4215,131,5,15.8
"805",2020-08-23,3,35424,4210,93,5,15.7
"806",2020-08-22,3,35331,4205,89,4,15.4
"807",2020-08-21,3,35242,4201,129,9,15.8
"808",2020-08-20,3,35113,4192,165,6,16.4
"809",2020-08-19,3,34948,4186,140,6,16.6
"810",2020-08-18,3,34808,4180,122,8,17.2
"811",2020-08-17,3,34686,4172,126,6,18.3
"812",2020-08-16,3,34560,4166,79,4,20.1
"813",2020-08-15,3,34481,4162,108,9,20.4
"814",2020-08-14,3,34373,4153,161,4,20.3
"815",2020-08-13,3,34212,4149,179,7,19.6
"816",2020-08-12,3,34033,4142,171,7,19.5
"817",2020-08-11,3,33862,4135,185,9,19.3
"818",2020-08-10,3,33677,4126,221,7,18.6
"819",2020-08-09,3,33456,4119,97,6,17.2
"820",2020-08-08,3,33359,4113,104,3,17
"821",2020-08-07,3,33255,4110,120,1,16.5
"822",2020-08-06,3,33135,4109,177,5,16.2
"823",2020-08-05,3,32958,4104,157,6,15.5
"824",2020-08-04,3,32801,4098,146,7,15.6
"825",2020-08-03,3,32655,4091,144,5,15.7
"826",2020-08-02,3,32511,4086,85,6,15.6
"827",2020-08-01,3,32426,4080,81,10,15.8
"828",2020-07-31,3,32345,4070,99,6,15.9
"829",2020-07-30,3,32246,4064,140,4,16
"830",2020-07-29,3,32106,4060,163,5,15.4
"831",2020-07-28,3,31943,4055,150,11,14.3
"832",2020-07-27,3,31793,4044,143,4,13.4
"833",2020-07-26,3,31650,4040,91,8,12.9
"834",2020-07-25,3,31559,4032,88,5,13.1
"835",2020-07-24,3,31471,4027,108,9,13.3
"836",2020-07-23,3,31363,4018,106,6,13.1
"837",2020-07-22,3,31257,4012,103,8,12.8
"838",2020-07-21,3,31154,4004,100,10,13
"839",2020-07-20,3,31054,3994,115,7,13.6
"840",2020-07-19,3,30939,3987,101,7,14
"841",2020-07-18,3,30838,3980,97,7,14
"842",2020-07-17,3,30741,3973,100,7,13.8
"843",2020-07-16,3,30641,3966,86,4,13.6
"844",2020-07-15,3,30555,3962,119,7,13.8
"845",2020-07-14,3,30436,3955,133,9,13.9
"846",2020-07-13,3,30303,3946,135,13,13.4
"847",2020-07-12,3,30168,3933,98,7,13.1
"848",2020-07-11,3,30070,3926,86,6,13
"849",2020-07-10,3,29984,3920,92,11,12.8
"850",2020-07-09,3,29892,3909,97,6,13.1
"851",2020-07-08,3,29795,3903,126,11,13.2
"852",2020-07-07,3,29669,3892,103,7,13.3
"853",2020-07-06,3,29566,3885,120,6,13.4
"854",2020-07-05,3,29446,3879,90,7,13.7
"855",2020-07-04,3,29356,3872,77,13,13.8
"856",2020-07-03,3,29279,3859,106,8,15.1
"857",2020-07-02,3,29173,3851,104,12,16
"858",2020-07-01,3,29069,3839,131,6,16.7
"859",2020-06-30,3,28938,3833,112,17,17.1
"860",2020-06-29,3,28826,3816,133,8,18.2
"861",2020-06-28,3,28693,3808,97,10,18.6
"862",2020-06-27,3,28596,3798,149,9,19
"863",2020-06-26,3,28447,3789,152,15,19.2
"864",2020-06-25,3,28295,3774,143,13,20.2
"865",2020-06-24,3,28152,3761,156,23,22.2
"866",2020-06-23,3,27996,3738,172,15,23.6
"867",2020-06-22,3,27824,3723,156,13,24.4
"868",2020-06-21,3,27668,3710,116,12,25
"869",2020-06-20,3,27552,3698,163,10,25.8
"870",2020-06-19,3,27389,3688,203,7,26.3
"871",2020-06-18,3,27186,3681,258,17,27.1
"872",2020-06-17,3,26928,3664,230,15,26
"873",2020-06-16,3,26698,3649,216,8,25.9
"874",2020-06-15,3,26482,3641,189,19,25.1
"875",2020-06-14,3,26293,3622,159,18,25.1
"876",2020-06-13,3,26134,3604,193,12,24.9
"877",2020-06-12,3,25941,3592,246,17,23.6
"878",2020-06-11,3,25695,3575,197,18,22
"879",2020-06-10,3,25498,3557,226,20,21.6
"880",2020-06-09,3,25272,3537,173,22,21.3
"881",2020-06-08,3,25099,3515,188,18,21.7
"882",2020-06-07,3,24911,3497,149,16,21.8
"883",2020-06-06,3,24762,3481,121,25,22.3
"884",2020-06-05,3,24641,3456,155,21,23.1
"885",2020-06-04,3,24486,3435,179,22,23.9
"886",2020-06-03,3,24307,3413,206,27,25.6
"887",2020-06-02,3,24101,3386,197,27,26.5
"888",2020-06-01,3,23904,3359,191,28,27.1
"889",2020-05-31,3,23713,3331,177,23,28.2
"890",2020-05-30,3,23536,3308,164,29,28.7
"891",2020-05-29,3,23372,3279,199,30,30
"892",2020-05-28,3,23173,3249,274,31,31.3
"893",2020-05-27,3,22899,3218,254,28,33.2
"894",2020-05-26,3,22645,3190,232,30,34
"895",2020-05-25,3,22413,3160,254,35,36.8
"896",2020-05-24,3,22159,3125,204,29,36.9
"897",2020-05-23,3,21955,3096,235,27,37.7
"898",2020-05-22,3,21720,3069,267,35,38.1
"899",2020-05-21,3,21453,3034,383,28,39.4
"900",2020-05-20,3,21070,3006,295,33,38.9
"901",2020-05-19,3,20775,2973,388,30,40.9
"902",2020-05-18,3,20387,2943,261,36,40.6
"903",2020-05-17,3,20126,2907,244,30,43.6
"904",2020-05-16,3,19882,2877,259,40,44.6
"905",2020-05-15,3,19623,2837,337,48,44.3
"906",2020-05-14,3,19286,2789,355,43,44.6
"907",2020-05-13,3,18931,2746,405,40,46.5
"908",2020-05-12,3,18526,2706,375,31,46.7
"909",2020-05-11,3,18151,2675,426,34,47.8
"910",2020-05-10,3,17725,2641,296,49,46.5
"911",2020-05-09,3,17429,2592,245,41,48.1
"912",2020-05-08,3,17184,2551,352,48,50.6
"913",2020-05-07,3,16832,2503,459,60,55.5
"914",2020-05-06,3,16373,2443,415,57,57.7
"915",2020-05-05,3,15958,2386,440,54,63.1
"916",2020-05-04,3,15518,2332,350,55,63.9
"917",2020-05-03,3,15168,2277,384,50,66.8
"918",2020-05-02,3,14784,2227,385,58,67.5
"919",2020-05-01,3,14399,2169,621,55,68.1
"920",2020-04-30,3,13778,2114,578,60,67.5
"921",2020-04-29,3,13200,2054,713,77,65.2
"922",2020-04-28,3,12487,1977,486,60,62.5
"923",2020-04-27,3,12001,1917,510,67,60
"924",2020-04-26,3,11491,1850,423,64,58
"925",2020-04-25,3,11068,1786,414,61,57.9
"926",2020-04-24,3,10654,1725,591,71,57
"927",2020-04-23,3,10063,1654,450,52,52.6
"928",2020-04-22,3,9613,1602,563,69,51.2
"929",2020-04-21,3,9050,1533,350,66,49.6
"930",2020-04-20,3,8700,1467,400,73,49
"931",2020-04-19,3,8300,1394,417,65,47.6
"932",2020-04-18,3,7883,1329,364,62,44.9
"933",2020-04-17,3,7519,1267,351,71,43
"934",2020-04-16,3,7168,1196,374,82,42.1
"935",2020-04-15,3,6794,1114,474,80,40.8
"936",2020-04-14,3,6320,1034,314,63,38
"937",2020-04-13,3,6006,971,326,64,38.4
"938",2020-04-12,3,5680,907,268,62,38.3
"939",2020-04-11,3,5412,845,261,59,37.3
"940",2020-04-10,3,5151,786,299,71,36.3
"941",2020-04-09,3,4852,715,303,71,36.2
"942",2020-04-08,3,4549,644,318,76,35.1
"943",2020-04-07,3,4231,568,336,60,34.7
"944",2020-04-06,3,3895,508,321,56,34.4
"945",2020-04-05,3,3574,452,217,52,33.7
"946",2020-04-04,3,3357,400,202,69,33.9
"947",2020-04-03,3,3155,331,293,53,34
"948",2020-04-02,3,2862,278,242,44,31.5
"949",2020-04-01,3,2620,234,297,42,30.3
"1044",2020-12-08,4,149881,6005,1390,33,172.6
"1045",2020-12-07,4,148491,5972,1559,45,170.1
"1046",2020-12-06,4,146932,5927,953,42,167.7
"1047",2020-12-05,4,145979,5885,854,44,164.4
"1048",2020-12-04,4,145125,5841,1095,52,164.8
"1049",2020-12-03,4,144030,5789,1240,54,165.4
"1050",2020-12-02,4,142790,5735,1257,57,163.8
"1051",2020-12-01,4,141533,5678,1268,61,165.6
"1052",2020-11-30,4,140265,5617,1442,48,169.5
"1053",2020-11-29,4,138823,5569,795,51,173.4
"1054",2020-11-28,4,138028,5518,873,58,177.8
"1055",2020-11-27,4,137155,5460,1122,57,182.4
"1056",2020-11-26,4,136033,5403,1165,55,189.6
"1057",2020-11-25,4,134868,5348,1343,59,196.5
"1058",2020-11-24,4,133525,5289,1458,54,206.6
"1059",2020-11-23,4,132067,5235,1629,55,220.1
"1060",2020-11-22,4,130438,5180,1010,61,239.7
"1061",2020-11-21,4,129428,5119,1095,43,248
"1062",2020-11-20,4,128333,5076,1471,54,260.7
"1063",2020-11-19,4,126862,5022,1496,53,274.7
"1064",2020-11-18,4,125366,4969,1833,64,288.6
"1065",2020-11-17,4,123533,4905,2109,51,305.5
"1066",2020-11-16,4,121424,4854,2579,48,316.8
"1067",2020-11-15,4,118845,4806,1408,46,325.4
"1068",2020-11-14,4,117437,4760,1709,51,338
"1069",2020-11-13,4,115728,4709,2149,47,338.8
"1070",2020-11-12,4,113579,4662,2169,48,341.8
"1071",2020-11-11,4,111410,4614,2650,34,342.4
"1072",2020-11-10,4,108760,4580,2658,39,332
"1073",2020-11-09,4,106102,4541,2993,59,325.8
"1074",2020-11-08,4,103109,4482,2016,46,331
"1075",2020-11-07,4,101093,4436,1751,35,314.8
"1076",2020-11-06,4,99342,4401,2293,35,309.6
"1077",2020-11-05,4,97049,4366,2197,38,304.8
"1078",2020-11-04,4,94852,4328,2146,43,302.9
"1079",2020-11-03,4,92706,4285,2360,27,302.8
"1080",2020-11-02,4,90346,4258,3245,42,296.4
"1081",2020-11-01,4,87101,4216,1230,35,277.9
"1082",2020-10-31,4,85871,4181,1502,30,283
"1083",2020-10-30,4,84369,4151,2062,30,282.2
"1084",2020-10-29,4,82307,4121,2103,23,277.6
"1085",2020-10-28,4,80204,4098,2143,33,278
"1086",2020-10-27,4,78061,4065,2049,30,277.5
"1087",2020-10-26,4,76012,4035,2352,24,279.1
"1088",2020-10-25,4,73660,4011,1476,28,279.7
"1089",2020-10-24,4,72184,3983,1460,23,271.6
"1090",2020-10-23,4,70724,3960,1841,31,266.3
"1091",2020-10-22,4,68883,3929,2124,30,255
"1092",2020-10-21,4,66759,3899,2119,17,240.6
"1093",2020-10-20,4,64640,3882,2124,19,234
"1094",2020-10-19,4,62516,3863,2381,12,222.6
"1095",2020-10-18,4,60135,3851,1083,9,209.9
"1096",2020-10-17,4,59052,3842,1208,19,210.4
"1097",2020-10-16,4,57844,3823,1292,11,208.7
"1098",2020-10-15,4,56552,3812,1430,15,211.7
"1099",2020-10-14,4,55122,3797,1796,12,222.1
"1100",2020-10-13,4,53326,3785,1575,15,220.2
"1101",2020-10-12,4,51751,3770,1766,10,218.7
"1102",2020-10-11,4,49985,3760,1106,13,214.6
"1103",2020-10-10,4,48879,3747,1127,7,215.7
"1104",2020-10-09,4,47752,3740,1439,9,213.4
"1105",2020-10-08,4,46313,3731,1934,2,208.5
"1106",2020-10-07,4,44379,3729,1701,6,190.1
"1107",2020-10-06,4,42678,3723,1501,7,173
"1108",2020-10-05,4,41177,3716,1569,7,154.4
"1109",2020-10-04,4,39608,3709,1158,9,133.6
"1110",2020-10-03,4,38450,3700,1019,12,117.8
"1111",2020-10-02,4,37431,3688,1201,7,103.4
"1112",2020-10-01,4,36230,3681,1046,8,85.4
"1113",2020-09-30,4,35184,3673,871,6,70.6
"1114",2020-09-29,4,34313,3667,604,4,58.7
"1115",2020-09-28,4,33709,3663,561,6,51.8
"1116",2020-09-27,4,33148,3657,396,6,46.3
"1117",2020-09-26,4,32752,3651,323,2,43.5
"1118",2020-09-25,4,32429,3649,328,5,42
"1119",2020-09-24,4,32101,3644,333,5,40.6
"1120",2020-09-23,4,31768,3639,296,8,38.9
"1121",2020-09-22,4,31472,3631,269,6,37.8
"1122",2020-09-21,4,31203,3625,292,6,36.5
"1123",2020-09-20,4,30911,3619,265,5,34.6
"1124",2020-09-19,4,30646,3614,248,6,31.7
"1125",2020-09-18,4,30398,3608,259,3,29.4
"1126",2020-09-17,4,30139,3605,252,3,28.6
"1127",2020-09-16,4,29887,3602,243,6,27.7
"1128",2020-09-15,4,29644,3596,206,4,27.9
"1129",2020-09-14,4,29438,3592,200,7,30
"1130",2020-09-13,4,29238,3585,123,3,33
"1131",2020-09-12,4,29115,3582,141,7,33.2
"1132",2020-09-11,4,28974,3575,218,6,33.7
"1133",2020-09-10,4,28756,3569,207,4,33
"1134",2020-09-09,4,28549,3565,252,3,33.6
"1135",2020-09-08,4,28297,3562,311,4,33.4
"1136",2020-09-07,4,27986,3558,343,5,30.2
"1137",2020-09-06,4,27643,3553,135,6,24.9
"1138",2020-09-05,4,27508,3547,166,4,23.4
"1139",2020-09-04,4,27342,3543,182,7,21
"1140",2020-09-03,4,27160,3536,234,3,19.2
"1141",2020-09-02,4,26926,3533,244,4,16.1
"1142",2020-09-01,4,26682,3529,158,7,12.9
"1143",2020-08-31,4,26524,3522,87,5,11.2
"1144",2020-08-30,4,26437,3517,61,4,11.1
"1145",2020-08-29,4,26376,3513,49,2,10.9
"1146",2020-08-28,4,26327,3511,96,2,10.9
"1147",2020-08-27,4,26231,3509,84,7,11
"1148",2020-08-26,4,26147,3502,91,2,11.4
"1149",2020-08-25,4,26056,3500,73,4,11.6
"1150",2020-08-24,4,25983,3496,83,6,11.6
"1151",2020-08-23,4,25900,3490,52,1,12.8
"1152",2020-08-22,4,25848,3489,49,4,12.9
"1153",2020-08-21,4,25799,3485,101,1,13
"1154",2020-08-20,4,25698,3484,100,2,12.7
"1155",2020-08-19,4,25598,3482,101,4,12.9
"1156",2020-08-18,4,25497,3478,77,5,13.3
"1157",2020-08-17,4,25420,3473,138,4,15.3
"1158",2020-08-16,4,25282,3469,58,5,16.8
"1159",2020-08-15,4,25224,3464,55,7,17.1
"1160",2020-08-14,4,25169,3457,87,2,17.5
"1161",2020-08-13,4,25082,3455,109,6,17.6
"1162",2020-08-12,4,24973,3449,119,5,17.7
"1163",2020-08-11,4,24854,3444,176,5,17.6
"1164",2020-08-10,4,24678,3439,210,3,15.7
"1165",2020-08-09,4,24468,3436,72,8,13.6
"1166",2020-08-08,4,24396,3428,73,3,13.3
"1167",2020-08-07,4,24323,3425,91,6,13.2
"1168",2020-08-06,4,24232,3419,113,4,12.8
"1169",2020-08-05,4,24119,3415,114,3,12.8
"1170",2020-08-04,4,24005,3412,88,4,12.7
"1171",2020-08-03,4,23917,3408,108,5,12.4
"1172",2020-08-02,4,23809,3403,54,10,12.1
"1173",2020-08-01,4,23755,3393,69,11,11.8
"1174",2020-07-31,4,23686,3382,75,7,11.2
"1175",2020-07-30,4,23611,3375,110,4,11.4
"1176",2020-07-29,4,23501,3371,108,1,11.1
"1177",2020-07-28,4,23393,3370,77,4,10.6
"1178",2020-07-27,4,23316,3366,92,5,10.5
"1179",2020-07-26,4,23224,3361,38,10,10.3
"1180",2020-07-25,4,23186,3351,44,5,10.5
"1181",2020-07-24,4,23142,3346,82,4,10.9
"1182",2020-07-23,4,23060,3342,94,10,10.8
"1183",2020-07-22,4,22966,3332,88,7,10.8
"1184",2020-07-21,4,22878,3325,68,8,11.3
"1185",2020-07-20,4,22810,3317,82,11,11.7
"1186",2020-07-19,4,22728,3306,48,9,12.2
"1187",2020-07-18,4,22680,3297,63,5,12.1
"1188",2020-07-17,4,22617,3292,80,8,12.8
"1189",2020-07-16,4,22537,3284,92,8,13.2
"1190",2020-07-15,4,22445,3276,113,9,13.2
"1191",2020-07-14,4,22332,3267,89,4,13.2
"1192",2020-07-13,4,22243,3263,104,7,13.6
"1193",2020-07-12,4,22139,3256,46,8,14.3
"1194",2020-07-11,4,22093,3248,94,13,16
"1195",2020-07-10,4,21999,3235,99,5,15.8
"1196",2020-07-09,4,21900,3230,95,8,15.9
"1197",2020-07-08,4,21805,3222,110,9,16.1
"1198",2020-07-07,4,21695,3213,108,8,16.3
"1199",2020-07-06,4,21587,3205,139,8,16.8
"1200",2020-07-05,4,21448,3197,127,8,16.6
"1201",2020-07-04,4,21321,3189,84,6,15.6
"1202",2020-07-03,4,21237,3183,107,6,15.6
"1203",2020-07-02,4,21130,3177,105,11,15.8
"1204",2020-07-01,4,21025,3166,120,11,16.2
"1205",2020-06-30,4,20905,3155,129,7,17.3
"1206",2020-06-29,4,20776,3148,129,12,18.2
"1207",2020-06-28,4,20647,3136,78,6,19.1
"1208",2020-06-27,4,20569,3130,87,9,20.2
"1209",2020-06-26,4,20482,3121,114,15,21.4
"1210",2020-06-25,4,20368,3106,126,19,22.2
"1211",2020-06-24,4,20242,3087,173,15,23.1
"1212",2020-06-23,4,20069,3072,171,9,22.9
"1213",2020-06-22,4,19898,3063,177,11,22.7
"1214",2020-06-21,4,19721,3052,131,18,22.5
"1215",2020-06-20,4,19590,3034,144,15,22.8
"1216",2020-06-19,4,19446,3019,153,12,22.5
"1217",2020-06-18,4,19293,3007,169,17,22.9
"1218",2020-06-17,4,19124,2990,164,12,23.2
"1219",2020-06-16,4,18960,2978,161,13,23.2
"1220",2020-06-15,4,18799,2965,165,20,23.6
"1221",2020-06-14,4,18634,2945,145,20,23.8
"1222",2020-06-13,4,18489,2925,132,10,23.4
"1223",2020-06-12,4,18357,2915,173,20,22.8
"1224",2020-06-11,4,18184,2895,182,22,22.4
"1225",2020-06-10,4,18002,2873,166,19,21.6
"1226",2020-06-09,4,17836,2854,177,19,21.8
"1227",2020-06-08,4,17659,2835,174,24,22.6
"1228",2020-06-07,4,17485,2811,127,14,23.5
"1229",2020-06-06,4,17358,2797,105,23,23.9
"1230",2020-06-05,4,17253,2774,153,11,24.6
"1231",2020-06-04,4,17100,2763,143,20,25
"1232",2020-06-03,4,16957,2743,173,22,26
"1233",2020-06-02,4,16784,2721,218,16,26.5
"1234",2020-06-01,4,16566,2705,217,22,25.3
"1235",2020-05-31,4,16349,2683,149,20,24.8
"1236",2020-05-30,4,16200,2663,139,24,24.7
"1237",2020-05-29,4,16061,2639,170,13,25.2
"1238",2020-05-28,4,15891,2626,191,22,26.7
"1239",2020-05-27,4,15700,2604,197,23,28.5
"1240",2020-05-26,4,15503,2581,160,26,30.1
"1241",2020-05-25,4,15343,2555,192,25,32.9
"1242",2020-05-24,4,15151,2530,145,17,34.5
"1243",2020-05-23,4,15006,2513,164,33,35.7
"1244",2020-05-22,4,14842,2480,240,24,37.6
"1245",2020-05-21,4,14602,2456,281,34,37.9
"1246",2020-05-20,4,14321,2422,274,25,36.7
"1247",2020-05-19,4,14047,2397,293,25,37.2
"1248",2020-05-18,4,13754,2372,272,31,37.8
"1249",2020-05-17,4,13482,2341,203,19,38.6
"1250",2020-05-16,4,13279,2322,257,26,38.5
"1251",2020-05-15,4,13022,2296,252,22,36.8
"1252",2020-05-14,4,12770,2274,226,31,37.2
"1253",2020-05-13,4,12544,2243,298,18,39
"1254",2020-05-12,4,12246,2225,322,36,39.7
"1255",2020-05-11,4,11924,2189,308,33,38.9
"1256",2020-05-10,4,11616,2156,199,28,37.4
"1257",2020-05-09,4,11417,2128,176,40,36.8
"1258",2020-05-08,4,11241,2088,268,32,37.2
"1259",2020-05-07,4,10973,2056,313,33,37.8
"1260",2020-05-06,4,10660,2023,334,35,37.4
"1261",2020-05-05,4,10326,1988,284,41,38.3
"1262",2020-05-04,4,10042,1947,235,47,38
"1263",2020-05-03,4,9807,1900,169,40,39.8
"1264",2020-05-02,4,9638,1860,198,37,41.3
"1265",2020-05-01,4,9440,1823,294,41,42.3
"1266",2020-04-30,4,9146,1782,294,43,42.3
"1267",2020-04-29,4,8852,1739,378,54,41.9
"1268",2020-04-28,4,8474,1685,272,46,41
"1269",2020-04-27,4,8202,1639,319,46,39.9
"1270",2020-04-26,4,7883,1593,243,49,37.2
"1271",2020-04-25,4,7640,1544,245,45,37.2
"1272",2020-04-24,4,7395,1499,297,43,36.2
"1273",2020-04-23,4,7098,1456,273,52,35.3
"1274",2020-04-22,4,6825,1404,334,40,35.2
"1275",2020-04-21,4,6491,1364,219,38,32.8
"1276",2020-04-20,4,6272,1326,187,64,32.6
"1277",2020-04-19,4,6085,1262,246,50,32.3
"1278",2020-04-18,4,5839,1212,195,51,31.6
"1279",2020-04-17,4,5644,1161,255,61,31.2
"1280",2020-04-16,4,5389,1100,267,32,29.5
"1281",2020-04-15,4,5122,1068,217,65,28.8
"1282",2020-04-14,4,4905,1003,210,60,28.2
"1283",2020-04-13,4,4695,943,172,48,28.5
"1284",2020-04-12,4,4523,895,214,57,29.4
"1285",2020-04-11,4,4309,838,174,63,28.1
"1286",2020-04-10,4,4135,775,172,57,28.4
"1287",2020-04-09,4,3963,718,233,65,30.2
"1288",2020-04-08,4,3730,653,187,66,29.8
"1289",2020-04-07,4,3543,587,228,48,32
"1290",2020-04-06,4,3315,539,214,67,33
"1291",2020-04-05,4,3101,472,149,61,32.9
"1292",2020-04-04,4,2952,411,189,52,32.4
"1293",2020-04-03,4,2763,359,259,53,31.8
"1294",2020-04-02,4,2504,306,213,44,29.3
"1295",2020-04-01,4,2291,262,296,45,28.1
"1390",2020-12-08,5,179955,8310,1694,66,166
"1391",2020-12-07,5,178261,8244,1716,50,163.1
"1392",2020-12-06,5,176545,8194,1127,56,162.8
"1393",2020-12-05,5,175418,8138,1102,49,162.7
"1394",2020-12-04,5,174316,8089,1392,69,163.2
"1395",2020-12-03,5,172924,8020,1348,58,166.1
"1396",2020-12-02,5,171576,7962,1469,48,171.8
"1397",2020-12-01,5,170107,7914,1523,55,179.3
"1398",2020-11-30,5,168584,7859,1698,74,187.7
"1399",2020-11-29,5,166886,7785,1120,89,196.8
"1400",2020-11-28,5,165766,7696,1135,60,202.7
"1401",2020-11-27,5,164631,7636,1562,56,210.3
"1402",2020-11-26,5,163069,7580,1690,72,222.8
"1403",2020-11-25,5,161379,7508,1912,56,234.3
"1404",2020-11-24,5,159467,7452,2022,58,246.1
"1405",2020-11-23,5,157445,7394,2240,71,263
"1406",2020-11-22,5,155205,7323,1468,66,282.3
"1407",2020-11-21,5,153737,7257,1587,63,291.7
"1408",2020-11-20,5,152150,7194,2304,68,304.7
"1409",2020-11-19,5,149846,7126,2373,62,317.2
"1410",2020-11-18,5,147473,7064,2609,64,329.4
"1411",2020-11-17,5,144864,7000,3028,59,345
"1412",2020-11-16,5,141836,6941,3384,55,355.3
"1413",2020-11-15,5,138452,6886,2025,58,364.5
"1414",2020-11-14,5,136427,6828,2360,49,371.6
"1415",2020-11-13,5,134067,6779,3043,42,370.1
"1416",2020-11-12,5,131024,6737,3098,49,365.8
"1417",2020-11-11,5,127926,6688,3535,54,361.3
"1418",2020-11-10,5,124391,6634,3641,47,348
"1419",2020-11-09,5,120750,6587,3928,43,338.9
"1420",2020-11-08,5,116822,6544,2448,45,334.1
"1421",2020-11-07,5,114374,6499,2267,47,320
"1422",2020-11-06,5,112107,6452,2791,42,314.5
"1423",2020-11-05,5,109316,6410,2832,46,311.1
"1424",2020-11-04,5,106484,6364,2741,44,305.3
"1425",2020-11-03,5,103743,6320,3101,34,301.9
"1426",2020-11-02,5,100642,6286,3643,42,290.6
"1427",2020-11-01,5,96999,6244,1615,33,273.5
"1428",2020-10-31,5,95384,6211,1940,36,273
"1429",2020-10-30,5,93444,6175,2590,37,266.4
"1430",2020-10-29,5,90854,6138,2488,33,257
"1431",2020-10-28,5,88366,6105,2540,19,250.7
"1432",2020-10-27,5,85826,6086,2426,29,245.4
"1433",2020-10-26,5,83400,6057,2633,32,242.8
"1434",2020-10-25,5,80767,6025,1585,20,235.5
"1435",2020-10-24,5,79182,6005,1545,11,228.8
"1436",2020-10-23,5,77637,5994,2034,25,223.6
"1437",2020-10-22,5,75603,5969,2112,24,216.5
"1438",2020-10-21,5,73491,5945,2229,19,207.7
"1439",2020-10-20,5,71262,5926,2270,22,196.6
"1440",2020-10-19,5,68992,5904,2202,17,183.5
"1441",2020-10-18,5,66790,5887,1187,11,171.6
"1442",2020-10-17,5,65603,5876,1233,22,167
"1443",2020-10-16,5,64370,5854,1617,17,161.7
"1444",2020-10-15,5,62753,5837,1586,15,154.5
"1445",2020-10-14,5,61167,5822,1572,15,149.1
"1446",2020-10-13,5,59595,5807,1489,16,143.1
"1447",2020-10-12,5,58106,5791,1496,7,138.5
"1448",2020-10-11,5,56610,5784,915,20,132.8
"1449",2020-10-10,5,55695,5764,920,6,128.9
"1450",2020-10-09,5,54775,5758,1190,5,125.9
"1451",2020-10-08,5,53585,5753,1266,20,121.7
"1452",2020-10-07,5,52319,5733,1215,9,115.3
"1453",2020-10-06,5,51104,5724,1216,11,110.6
"1454",2020-10-05,5,49888,5713,1157,12,102.8
"1455",2020-10-04,5,48731,5701,685,10,95
"1456",2020-10-03,5,48046,5691,742,14,91.8
"1457",2020-10-02,5,47304,5677,941,9,88.8
"1458",2020-10-01,5,46363,5668,886,15,83.1
"1459",2020-09-30,5,45477,5653,937,10,79.8
"1460",2020-09-29,5,44540,5643,753,6,75.5
"1461",2020-09-28,5,43787,5637,694,9,73.1
"1462",2020-09-27,5,43093,5628,495,11,72.3
"1463",2020-09-26,5,42598,5617,565,10,74.1
"1464",2020-09-25,5,42033,5607,601,10,74.3
"1465",2020-09-24,5,41432,5597,689,12,74
"1466",2020-09-23,5,40743,5585,686,17,70.9
"1467",2020-09-22,5,40057,5568,610,10,67.1
"1468",2020-09-21,5,39447,5558,647,8,62.9
"1469",2020-09-20,5,38800,5550,598,14,57.4
"1470",2020-09-19,5,38202,5536,580,7,51
"1471",2020-09-18,5,37622,5529,581,7,46.1
"1472",2020-09-17,5,37041,5522,507,4,42.4
"1473",2020-09-16,5,36534,5518,457,11,40.3
"1474",2020-09-15,5,36077,5507,361,4,39.1
"1475",2020-09-14,5,35716,5503,323,12,40.3
"1476",2020-09-13,5,35393,5491,218,13,43.1
"1477",2020-09-12,5,35175,5478,291,2,44.8
"1478",2020-09-11,5,34884,5476,359,5,45.1
"1479",2020-09-10,5,34525,5471,385,2,46.3
"1480",2020-09-09,5,34140,5469,386,4,46
"1481",2020-09-08,5,33754,5465,430,9,45.3
"1482",2020-09-07,5,33324,5456,487,5,42.4
"1483",2020-09-06,5,32837,5451,320,5,36.3
"1484",2020-09-05,5,32517,5446,307,9,32.5
"1485",2020-09-04,5,32210,5437,435,7,29.2
"1486",2020-09-03,5,31775,5430,364,6,24.5
"1487",2020-09-02,5,31411,5424,346,3,20.8
"1488",2020-09-01,5,31065,5421,255,7,17.1
"1489",2020-08-31,5,30810,5414,127,7,15.1
"1490",2020-08-30,5,30683,5407,94,4,15.2
"1491",2020-08-29,5,30589,5403,112,6,15
"1492",2020-08-28,5,30477,5397,156,2,14.4
"1493",2020-08-27,5,30321,5395,143,3,13.5
"1494",2020-08-26,5,30178,5392,125,15,13.8
"1495",2020-08-25,5,30053,5377,142,11,13.7
"1496",2020-08-24,5,29911,5366,130,7,13.2
"1497",2020-08-23,5,29781,5359,82,4,13.3
"1498",2020-08-22,5,29699,5355,76,3,13.2
"1499",2020-08-21,5,29623,5352,103,0,13.5
"1500",2020-08-20,5,29520,5352,163,5,14.6
"1501",2020-08-19,5,29357,5347,118,5,13.9
"1502",2020-08-18,5,29239,5342,110,3,14.1
"1503",2020-08-17,5,29129,5339,138,7,15
"1504",2020-08-16,5,28991,5332,73,7,15.4
"1505",2020-08-15,5,28918,5325,96,7,15.4
"1506",2020-08-14,5,28822,5318,171,6,15
"1507",2020-08-13,5,28651,5312,117,13,14
"1508",2020-08-12,5,28534,5299,133,7,13.9
"1509",2020-08-11,5,28401,5292,164,15,13.2
"1510",2020-08-10,5,28237,5277,157,3,12.1
"1511",2020-08-09,5,28080,5274,77,2,11
"1512",2020-08-08,5,28003,5272,74,5,10.4
"1513",2020-08-07,5,27929,5267,106,15,10
"1514",2020-08-06,5,27823,5252,113,8,9.6
"1515",2020-08-05,5,27710,5244,94,5,9
"1516",2020-08-04,5,27616,5239,98,5,9
"1517",2020-08-03,5,27518,5234,88,2,8.8
"1518",2020-08-02,5,27430,5232,42,5,8.6
"1519",2020-08-01,5,27388,5227,54,0,9
"1520",2020-07-31,5,27334,5227,81,4,9.3
"1521",2020-07-30,5,27253,5223,80,7,9.2
"1522",2020-07-29,5,27173,5216,90,8,9.4
"1523",2020-07-28,5,27083,5208,89,4,9.2
"1524",2020-07-27,5,26994,5204,77,12,9
"1525",2020-07-26,5,26917,5192,66,12,9.1
"1526",2020-07-25,5,26851,5180,67,9,8.7
"1527",2020-07-24,5,26784,5171,79,1,8.4
"1528",2020-07-23,5,26705,5170,89,7,8.2
"1529",2020-07-22,5,26616,5163,78,12,7.8
"1530",2020-07-21,5,26538,5151,80,8,8.3
"1531",2020-07-20,5,26458,5143,83,3,8.2
"1532",2020-07-19,5,26375,5140,40,6,8.1
"1533",2020-07-18,5,26335,5134,51,7,8.1
"1534",2020-07-17,5,26284,5127,68,7,7.9
"1535",2020-07-16,5,26216,5120,65,4,7.5
"1536",2020-07-15,5,26151,5116,108,8,8.4
"1537",2020-07-14,5,26043,5108,71,7,7.7
"1538",2020-07-13,5,25972,5101,78,6,7.5
"1539",2020-07-12,5,25894,5095,38,8,7.1
"1540",2020-07-11,5,25856,5087,40,6,7.1
"1541",2020-07-10,5,25816,5081,43,5,6.8
"1542",2020-07-09,5,25773,5076,122,17,6.7
"1543",2020-07-08,5,25651,5059,65,6,5.6
"1544",2020-07-07,5,25586,5053,60,7,5.3
"1545",2020-07-06,5,25526,5046,53,8,5.2
"1546",2020-07-05,5,25473,5038,36,8,5.2
"1547",2020-07-04,5,25437,5030,23,12,5.1
"1548",2020-07-03,5,25414,5018,40,14,5.4
"1549",2020-07-02,5,25374,5004,54,13,5.9
"1550",2020-07-01,5,25320,4991,50,9,5.9
"1551",2020-06-30,5,25270,4982,51,11,6
"1552",2020-06-29,5,25219,4971,56,9,6
"1553",2020-06-28,5,25163,4962,26,11,6.2
"1554",2020-06-27,5,25137,4951,44,13,6.4
"1555",2020-06-26,5,25093,4938,69,10,6.5
"1556",2020-06-25,5,25024,4928,56,18,6.2
"1557",2020-06-24,5,24968,4910,53,9,6.6
"1558",2020-06-23,5,24915,4901,52,25,7.1
"1559",2020-06-22,5,24863,4876,67,16,8
"1560",2020-06-21,5,24796,4860,38,11,8.6
"1561",2020-06-20,5,24758,4849,48,11,9.2
"1562",2020-06-19,5,24710,4838,52,12,9.9
"1563",2020-06-18,5,24658,4826,83,16,10.3
"1564",2020-06-17,5,24575,4810,80,12,10.5
"1565",2020-06-16,5,24495,4798,106,14,10.7
"1566",2020-06-15,5,24389,4784,103,19,10.6
"1567",2020-06-14,5,24286,4765,75,21,10.9
"1568",2020-06-13,5,24211,4744,86,11,10.7
"1569",2020-06-12,5,24125,4733,79,14,10.5
"1570",2020-06-11,5,24046,4719,92,9,10.9
"1571",2020-06-10,5,23954,4710,92,11,11.7
"1572",2020-06-09,5,23862,4699,101,19,12.2
"1573",2020-06-08,5,23761,4680,119,20,12.6
"1574",2020-06-07,5,23642,4660,64,15,12.7
"1575",2020-06-06,5,23578,4645,78,20,13
"1576",2020-06-05,5,23500,4625,102,24,13.6
"1577",2020-06-04,5,23398,4601,137,16,14.5
"1578",2020-06-03,5,23261,4585,124,16,14.8
"1579",2020-06-02,5,23137,4569,124,27,16
"1580",2020-06-01,5,23013,4542,126,18,16.4
"1581",2020-05-31,5,22887,4524,78,28,16.6
"1582",2020-05-30,5,22809,4496,115,16,17.6
"1583",2020-05-29,5,22694,4480,155,23,18.1
"1584",2020-05-28,5,22539,4457,155,24,18.8
"1585",2020-05-27,5,22384,4433,194,27,20
"1586",2020-05-26,5,22190,4406,152,36,21
"1587",2020-05-25,5,22038,4370,138,25,23.2
"1588",2020-05-24,5,21900,4345,135,18,24.4
"1589",2020-05-23,5,21765,4327,148,26,25
"1590",2020-05-22,5,21617,4301,196,29,25.4
"1591",2020-05-21,5,21421,4272,225,32,26.6
"1592",2020-05-20,5,21196,4240,254,29,27.1
"1593",2020-05-19,5,20942,4211,279,32,27
"1594",2020-05-18,5,20663,4179,208,43,27.5
"1595",2020-05-17,5,20455,4136,172,39,28.2
"1596",2020-05-16,5,20283,4097,175,44,29
"1597",2020-05-15,5,20108,4053,265,40,28.8
"1598",2020-05-14,5,19843,4013,257,40,30
"1599",2020-05-13,5,19586,3973,244,47,31.9
"1600",2020-05-12,5,19342,3926,310,36,33.1
"1601",2020-05-11,5,19032,3890,250,35,33.2
"1602",2020-05-10,5,18782,3855,218,43,33
"1603",2020-05-09,5,18564,3812,163,39,34.4
"1604",2020-05-08,5,18401,3773,341,44,37
"1605",2020-05-07,5,18060,3729,368,47,39.2
"1606",2020-05-06,5,17692,3682,314,57,40.6
"1607",2020-05-05,5,17378,3625,318,60,42.7
"1608",2020-05-04,5,17060,3565,237,55,43.7
"1609",2020-05-03,5,16823,3510,298,50,46.7
"1610",2020-05-02,5,16525,3460,319,50,47.1
"1611",2020-05-01,5,16206,3410,471,70,48.2
"1612",2020-04-30,5,15735,3340,451,60,48.4
"1613",2020-04-29,5,15284,3280,441,62,50.1
"1614",2020-04-28,5,14843,3218,376,54,52.4
"1615",2020-04-27,5,14467,3164,418,69,54.3
"1616",2020-04-26,5,14049,3095,316,82,54.1
"1617",2020-04-25,5,13733,3013,386,76,54.5
"1618",2020-04-24,5,13347,2937,482,69,57.2
"1619",2020-04-23,5,12865,2868,551,85,56.6
"1620",2020-04-22,5,12314,2783,578,68,55.9
"1621",2020-04-21,5,11736,2715,493,80,52.7
"1622",2020-04-20,5,11243,2635,402,77,49.8
"1623",2020-04-19,5,10841,2558,340,78,47.8
"1624",2020-04-18,5,10501,2480,548,97,46.1
"1625",2020-04-17,5,9953,2383,446,100,41.1
"1626",2020-04-16,5,9507,2283,511,89,39.7
"1627",2020-04-15,5,8996,2194,387,108,36.9
"1628",2020-04-14,5,8609,2086,322,84,36.4
"1629",2020-04-13,5,8287,2002,280,96,37.5
"1630",2020-04-12,5,8007,1906,239,106,38.9
"1631",2020-04-11,5,7768,1800,253,110,39.7
"1632",2020-04-10,5,7515,1690,362,104,41.3
"1633",2020-04-09,5,7153,1586,345,97,41.5
"1634",2020-04-08,5,6808,1489,361,135,43.2
"1635",2020-04-07,5,6447,1354,386,101,44
"1636",2020-04-06,5,6061,1253,360,101,44.5
"1637",2020-04-05,5,5701,1152,290,117,45.7
"1638",2020-04-04,5,5411,1035,346,108,47
"1639",2020-04-03,5,5065,927,372,86,46.6
"1640",2020-04-02,5,4693,841,449,119,45
"1641",2020-04-01,5,4244,722,409,108,42.7
"1736",2020-12-08,6,100708,6392,2069,34,174.3
"1737",2020-12-07,6,98639,6358,2186,34,161.6
"1738",2020-12-06,6,96453,6324,1291,27,150.7
"1739",2020-12-05,6,95162,6297,1178,30,142.3
"1740",2020-12-04,6,93984,6267,1377,30,136.4
"1741",2020-12-03,6,92607,6237,1335,31,132.4
"1742",2020-12-02,6,91272,6206,1433,28,127.4
"1743",2020-12-01,6,89839,6178,1280,36,123.7
"1744",2020-11-30,6,88559,6142,1504,39,119.7
"1745",2020-11-29,6,87055,6103,770,18,115.4
"1746",2020-11-28,6,86285,6085,804,34,116
"1747",2020-11-27,6,85481,6051,1131,28,115.9
"1748",2020-11-26,6,84350,6023,1025,25,114.7
"1749",2020-11-25,6,83325,5998,1202,38,117.2
"1750",2020-11-24,6,82123,5960,1031,29,118
"1751",2020-11-23,6,81092,5931,1234,26,122.6
"1752",2020-11-22,6,79858,5905,805,30,128.3
"1753",2020-11-21,6,79053,5875,799,31,130.1
"1754",2020-11-20,6,78254,5844,1057,22,133
"1755",2020-11-19,6,77197,5822,1181,32,137.9
"1756",2020-11-18,6,76016,5790,1250,23,141
"1757",2020-11-17,6,74766,5767,1319,25,146.7
"1758",2020-11-16,6,73447,5742,1591,25,148.9
"1759",2020-11-15,6,71856,5717,914,17,152.2
"1760",2020-11-14,6,70942,5700,984,30,154.8
"1761",2020-11-13,6,69958,5670,1363,20,155.2
"1762",2020-11-12,6,68595,5650,1373,23,151.1
"1763",2020-11-11,6,67222,5627,1606,25,147
"1764",2020-11-10,6,65616,5602,1457,27,138
"1765",2020-11-09,6,64159,5575,1797,30,133
"1766",2020-11-08,6,62362,5545,1076,26,126.2
"1767",2020-11-07,6,61286,5519,1009,18,119.1
"1768",2020-11-06,6,60277,5501,1105,26,114.5
"1769",2020-11-05,6,59172,5475,1116,27,112.7
"1770",2020-11-04,6,58056,5448,1044,17,110.4
"1771",2020-11-03,6,57012,5431,1145,20,110
"1772",2020-11-02,6,55867,5411,1375,14,106.6
"1773",2020-11-01,6,54492,5397,632,21,102.9
"1774",2020-10-31,6,53860,5376,723,24,101.9
"1775",2020-10-30,6,53137,5352,994,21,99.9
"1776",2020-10-29,6,52143,5331,971,21,99.8
"1777",2020-10-28,6,51172,5310,1017,19,100.2
"1778",2020-10-27,6,50155,5291,936,12,100.7
"1779",2020-10-26,6,49219,5279,1144,12,103.2
"1780",2020-10-25,6,48075,5267,569,18,101.4
"1781",2020-10-24,6,47506,5249,599,10,101.7
"1782",2020-10-23,6,46907,5239,989,20,100.2
"1783",2020-10-22,6,45918,5219,996,15,94.9
"1784",2020-10-21,6,44922,5204,1044,24,92.5
"1785",2020-10-20,6,43878,5180,1093,19,86.6
"1786",2020-10-19,6,42785,5161,1036,14,80.8
"1787",2020-10-18,6,41749,5147,584,8,75.4
"1788",2020-10-17,6,41165,5139,509,11,72.1
"1789",2020-10-16,6,40656,5128,657,13,69.2
"1790",2020-10-15,6,39999,5115,843,11,67.7
"1791",2020-10-14,6,39156,5104,678,5,63.4
"1792",2020-10-13,6,38478,5099,731,7,61.2
"1793",2020-10-12,6,37747,5092,700,6,58.5
"1794",2020-10-11,6,37047,5086,377,7,55.8
"1795",2020-10-10,6,36670,5079,330,11,55.5
"1796",2020-10-09,6,36340,5068,562,8,56
"1797",2020-10-08,6,35778,5060,577,8,53.6
"1798",2020-10-07,6,35201,5052,540,11,50.1
"1799",2020-10-06,6,34661,5041,564,8,47.2
"1800",2020-10-05,6,34097,5033,530,5,43.5
"1801",2020-10-04,6,33567,5028,359,2,39.9
"1802",2020-10-03,6,33208,5026,359,7,37.5
"1803",2020-10-02,6,32849,5019,412,6,34.4
"1804",2020-10-01,6,32437,5013,359,9,31.3
"1805",2020-09-30,6,32078,5004,359,7,29.2
"1806",2020-09-29,6,31719,4997,332,7,26.5
"1807",2020-09-28,6,31387,4990,311,12,24.6
"1808",2020-09-27,6,31076,4978,208,4,22.3
"1809",2020-09-26,6,30868,4974,165,1,21.6
"1810",2020-09-25,6,30703,4973,216,7,21.3
"1811",2020-09-24,6,30487,4966,227,7,21.1
"1812",2020-09-23,6,30260,4959,193,5,19.8
"1813",2020-09-22,6,30067,4954,216,4,19
"1814",2020-09-21,6,29851,4950,166,6,17.9
"1815",2020-09-20,6,29685,4944,163,6,17.5
"1816",2020-09-19,6,29522,4938,146,6,15.8
"1817",2020-09-18,6,29376,4932,206,11,14.8
"1818",2020-09-17,6,29170,4921,145,4,13.6
"1819",2020-09-16,6,29025,4917,142,6,13.9
"1820",2020-09-15,6,28883,4911,150,8,13.7
"1821",2020-09-14,6,28733,4903,142,9,13.9
"1822",2020-09-13,6,28591,4894,57,5,14.1
"1823",2020-09-12,6,28534,4889,83,4,14.5
"1824",2020-09-11,6,28451,4885,129,3,14.7
"1825",2020-09-10,6,28322,4882,164,3,14.5
"1826",2020-09-09,6,28158,4879,127,10,14.4
"1827",2020-09-08,6,28031,4869,167,9,15.1
"1828",2020-09-07,6,27864,4860,154,7,14.4
"1829",2020-09-06,6,27710,4853,79,3,13.5
"1830",2020-09-05,6,27631,4850,97,7,13.7
"1831",2020-09-04,6,27534,4843,119,5,13.4
"1832",2020-09-03,6,27415,4838,152,7,13.1
"1833",2020-09-02,6,27263,4831,171,10,12.6
"1834",2020-09-01,6,27092,4821,124,7,11.4
"1835",2020-08-31,6,26968,4814,101,10,11
"1836",2020-08-30,6,26867,4804,88,7,11
"1837",2020-08-29,6,26779,4797,80,4,10.4
"1838",2020-08-28,6,26699,4793,102,7,9.9
"1839",2020-08-27,6,26597,4786,121,8,9.3
"1840",2020-08-26,6,26476,4778,93,8,8.7
"1841",2020-08-25,6,26383,4770,100,5,8.2
"1842",2020-08-24,6,26283,4765,102,2,7.6
"1843",2020-08-23,6,26181,4763,52,5,6.9
"1844",2020-08-22,6,26129,4758,50,2,6.5
"1845",2020-08-21,6,26079,4756,63,3,6.2
"1846",2020-08-20,6,26016,4753,82,6,6.3
"1847",2020-08-19,6,25934,4747,63,5,5.9
"1848",2020-08-18,6,25871,4742,59,6,6
"1849",2020-08-17,6,25812,4736,63,3,5.8
"1850",2020-08-16,6,25749,4733,27,4,5.9
"1851",2020-08-15,6,25722,4729,31,12,5.8
"1852",2020-08-14,6,25691,4717,67,6,6
"1853",2020-08-13,6,25624,4711,61,3,6
"1854",2020-08-12,6,25563,4708,66,14,5.8
"1855",2020-08-11,6,25497,4694,47,9,5.5
"1856",2020-08-10,6,25450,4685,67,6,5.7
"1857",2020-08-09,6,25383,4679,23,5,5.7
"1858",2020-08-08,6,25360,4674,44,5,5.9
"1859",2020-08-07,6,25316,4669,68,5,5.6
"1860",2020-08-06,6,25248,4664,44,6,5
"1861",2020-08-05,6,25204,4658,53,2,5.1
"1862",2020-08-04,6,25151,4656,56,11,5.3
"1863",2020-08-03,6,25095,4645,68,5,5.3
"1864",2020-08-02,6,25027,4640,36,2,5.3
"1865",2020-08-01,6,24991,4638,22,5,5.1
"1866",2020-07-31,6,24969,4633,31,9,5.2
"1867",2020-07-30,6,24938,4624,52,7,6
"1868",2020-07-29,6,24886,4617,66,9,5.9
"1869",2020-07-28,6,24820,4608,56,3,5.7
"1870",2020-07-27,6,24764,4605,65,6,5.9
"1871",2020-07-26,6,24699,4599,26,7,6.2
"1872",2020-07-25,6,24673,4592,28,5,6.1
"1873",2020-07-24,6,24645,4587,79,6,6.1
"1874",2020-07-23,6,24566,4581,50,3,5.6
"1875",2020-07-22,6,24516,4578,54,13,5.8
"1876",2020-07-21,6,24462,4565,66,0,5.8
"1877",2020-07-20,6,24396,4565,81,10,6.1
"1878",2020-07-19,6,24315,4555,21,4,5.8
"1879",2020-07-18,6,24294,4551,28,6,6
"1880",2020-07-17,6,24266,4545,51,7,6.2
"1881",2020-07-16,6,24215,4538,61,4,6.2
"1882",2020-07-15,6,24154,4534,55,8,6.1
"1883",2020-07-14,6,24099,4526,81,11,6.4
"1884",2020-07-13,6,24018,4515,64,15,5.8
"1885",2020-07-12,6,23954,4500,35,6,5.6
"1886",2020-07-11,6,23919,4494,42,11,5.7
"1887",2020-07-10,6,23877,4483,49,6,5.7
"1888",2020-07-09,6,23828,4477,54,19,5.8
"1889",2020-07-08,6,23774,4458,77,9,6
"1890",2020-07-07,6,23697,4449,39,8,5.4
"1891",2020-07-06,6,23658,4441,56,11,5.3
"1892",2020-07-05,6,23602,4430,36,7,5.2
"1893",2020-07-04,6,23566,4423,42,11,5
"1894",2020-07-03,6,23524,4412,60,7,4.7
"1895",2020-07-02,6,23464,4405,63,12,4.6
"1896",2020-07-01,6,23401,4393,39,6,4.2
"1897",2020-06-30,6,23362,4387,34,9,4.6
"1898",2020-06-29,6,23328,4378,49,14,4.7
"1899",2020-06-28,6,23279,4364,25,17,5.1
"1900",2020-06-27,6,23254,4347,20,12,5.6
"1901",2020-06-26,6,23234,4335,59,16,5.8
"1902",2020-06-25,6,23175,4319,39,11,6.1
"1903",2020-06-24,6,23136,4308,59,13,6.8
"1904",2020-06-23,6,23077,4295,44,11,7.1
"1905",2020-06-22,6,23033,4284,74,14,8.1
"1906",2020-06-21,6,22959,4270,57,10,8.7
"1907",2020-06-20,6,22902,4260,31,9,8.9
"1908",2020-06-19,6,22871,4251,74,15,9.9
"1909",2020-06-18,6,22797,4236,83,6,9.7
"1910",2020-06-17,6,22714,4230,77,17,9.5
"1911",2020-06-16,6,22637,4213,107,12,10.2
"1912",2020-06-15,6,22530,4201,113,14,10.6
"1913",2020-06-14,6,22417,4187,73,17,10.2
"1914",2020-06-13,6,22344,4170,89,12,9.8
"1915",2020-06-12,6,22255,4158,65,18,9.9
"1916",2020-06-11,6,22190,4140,71,8,10.6
"1917",2020-06-10,6,22119,4132,118,20,11
"1918",2020-06-09,6,22001,4112,130,19,11
"1919",2020-06-08,6,21871,4093,93,15,11
"1920",2020-06-07,6,21778,4078,46,19,11.8
"1921",2020-06-06,6,21732,4059,93,13,12
"1922",2020-06-05,6,21639,4046,110,25,11.9
"1923",2020-06-04,6,21529,4021,93,19,12.7
"1924",2020-06-03,6,21436,4002,123,18,13.8
"1925",2020-06-02,6,21313,3984,131,26,14.2
"1926",2020-06-01,6,21182,3958,138,24,14.5
"1927",2020-05-31,6,21044,3934,61,17,14.7
"1928",2020-05-30,6,20983,3917,83,21,15.3
"1929",2020-05-29,6,20900,3896,160,30,16.4
"1930",2020-05-28,6,20740,3866,163,28,16.9
"1931",2020-05-27,6,20577,3838,150,24,18.2
"1932",2020-05-26,6,20427,3814,150,26,19.7
"1933",2020-05-25,6,20277,3788,147,40,21.4
"1934",2020-05-24,6,20130,3748,103,29,23.6
"1935",2020-05-23,6,20027,3719,150,29,24.4
"1936",2020-05-22,6,19877,3690,190,24,24.8
"1937",2020-05-21,6,19687,3666,246,29,25.1
"1938",2020-05-20,6,19441,3637,243,46,24.7
"1939",2020-05-19,6,19198,3591,256,25,26.1
"1940",2020-05-18,6,18942,3566,283,44,27
"1941",2020-05-17,6,18659,3522,154,39,28.7
"1942",2020-05-16,6,18505,3483,175,39,29.6
"1943",2020-05-15,6,18330,3444,210,36,30.1
"1944",2020-05-14,6,18120,3408,217,40,30.4
"1945",2020-05-13,6,17903,3368,330,40,33.2
"1946",2020-05-12,6,17573,3328,315,38,34.2
"1947",2020-05-11,6,17258,3290,391,28,34.4
"1948",2020-05-10,6,16867,3262,209,41,34.4
"1949",2020-05-09,6,16658,3221,203,46,36.2
"1950",2020-05-08,6,16455,3175,229,40,37.7
"1951",2020-05-07,6,16226,3135,396,53,42
"1952",2020-05-06,6,15830,3082,388,53,42.4
"1953",2020-05-05,6,15442,3029,331,54,43.8
"1954",2020-05-04,6,15111,2975,392,38,45.9
"1955",2020-05-03,6,14719,2937,317,57,47.9
"1956",2020-05-02,6,14402,2880,301,42,48.5
"1957",2020-05-01,6,14101,2838,493,75,49.7
"1958",2020-04-30,6,13608,2763,424,72,48.6
"1959",2020-04-29,6,13184,2691,475,47,49.4
"1960",2020-04-28,6,12709,2644,463,71,50.2
"1961",2020-04-27,6,12246,2573,511,61,49.3
"1962",2020-04-26,6,11735,2512,358,67,46.9
"1963",2020-04-25,6,11377,2445,377,60,46.2
"1964",2020-04-24,6,11000,2385,422,89,45.4
"1965",2020-04-23,6,10578,2296,476,60,44.5
"1966",2020-04-22,6,10102,2236,522,76,42.3
"1967",2020-04-21,6,9580,2160,406,79,38.6
"1968",2020-04-20,6,9174,2081,362,73,36.8
"1969",2020-04-19,6,8812,2008,317,76,35.6
"1970",2020-04-18,6,8495,1932,329,77,34.7
"1971",2020-04-17,6,8166,1855,365,87,33.8
"1972",2020-04-16,6,7801,1768,336,85,33.1
"1973",2020-04-15,6,7465,1683,295,86,32.9
"1974",2020-04-14,6,7170,1597,289,73,34.7
"1975",2020-04-13,6,6881,1524,292,82,36.4
"1976",2020-04-12,6,6589,1442,260,101,37.8
"1977",2020-04-11,6,6329,1341,271,103,38.2
"1978",2020-04-10,6,6058,1238,320,71,38.2
"1979",2020-04-09,6,5738,1167,326,96,38.7
"1980",2020-04-08,6,5412,1071,409,114,39.4
"1981",2020-04-07,6,5003,957,389,111,38.2
"1982",2020-04-06,6,4614,846,385,76,37.1
"1983",2020-04-05,6,4229,770,282,89,35.8
"1984",2020-04-04,6,3947,681,269,71,34.6
"1985",2020-04-03,6,3678,610,352,86,33.2
"1986",2020-04-02,6,3326,524,372,70,31.5
"1987",2020-04-01,6,2954,454,333,74,28.9
"2082",2020-12-08,7,189451,8765,3673,38,224.7
"2083",2020-12-07,7,185778,8727,3682,40,210.9
"2084",2020-12-06,7,182096,8687,2402,26,199.8
"2085",2020-12-05,7,179694,8661,2268,28,191.4
"2086",2020-12-04,7,177426,8633,2901,35,184.4
"2087",2020-12-03,7,174525,8598,2436,42,176.5
"2088",2020-12-02,7,172089,8556,2773,29,172.3
"2089",2020-12-01,7,169316,8527,2441,27,166.3
"2090",2020-11-30,7,166875,8500,2689,36,162.9
"2091",2020-11-29,7,164186,8464,1648,53,159.5
"2092",2020-11-28,7,162538,8411,1634,39,157.6
"2093",2020-11-27,7,160904,8372,2195,32,155.8
"2094",2020-11-26,7,158709,8340,2063,34,154.8
"2095",2020-11-25,7,156646,8306,2231,44,156.1
"2096",2020-11-24,7,154415,8262,2140,33,158.6
"2097",2020-11-23,7,152275,8229,2385,26,163.2
"2098",2020-11-22,7,149890,8203,1479,38,170.8
"2099",2020-11-21,7,148411,8165,1473,26,174.4
"2100",2020-11-20,7,146938,8139,2106,30,179.4
"2101",2020-11-19,7,144832,8109,2177,27,185.9
"2102",2020-11-18,7,142655,8082,2453,22,193.2
"2103",2020-11-17,7,140202,8060,2554,38,198.2
"2104",2020-11-16,7,137648,8022,3068,37,200.1
"2105",2020-11-15,7,134580,7985,1798,25,200.2
"2106",2020-11-14,7,132782,7960,1919,27,199.8
"2107",2020-11-13,7,130863,7933,2693,18,196.7
"2108",2020-11-12,7,128170,7915,2827,22,190.1
"2109",2020-11-11,7,125343,7893,2906,17,181.8
"2110",2020-11-10,7,122437,7876,2722,23,172.2
"2111",2020-11-09,7,119715,7853,3079,34,165.5
"2112",2020-11-08,7,116636,7819,1757,24,163.6
"2113",2020-11-07,7,114879,7795,1641,29,157.4
"2114",2020-11-06,7,113238,7766,2103,20,154.6
"2115",2020-11-05,7,111135,7746,2088,21,152
"2116",2020-11-04,7,109047,7725,2045,19,151
"2117",2020-11-03,7,107002,7706,2120,17,150.1
"2118",2020-11-02,7,104882,7689,2906,22,149.8
"2119",2020-11-01,7,101976,7667,1205,20,145.5
"2120",2020-10-31,7,100771,7647,1386,13,146.5
"2121",2020-10-30,7,99385,7634,1872,18,147
"2122",2020-10-29,7,97513,7616,1997,15,148.5
"2123",2020-10-28,7,95516,7601,1966,23,150.4
"2124",2020-10-27,7,93550,7578,2089,22,154.7
"2125",2020-10-26,7,91461,7556,2528,15,157.2
"2126",2020-10-25,7,88933,7541,1291,18,155
"2127",2020-10-24,7,87642,7523,1433,23,155
"2128",2020-10-23,7,86209,7500,2001,14,151.3
"2129",2020-10-22,7,84208,7486,2173,17,147.4
"2130",2020-10-21,7,82035,7469,2346,22,142.4
"2131",2020-10-20,7,79689,7447,2312,12,134.2
"2132",2020-10-19,7,77377,7435,2334,15,124.3
"2133",2020-10-18,7,75043,7420,1293,7,115.8
"2134",2020-10-17,7,73750,7413,1103,6,109.6
"2135",2020-10-16,7,72647,7407,1653,10,107
"2136",2020-10-15,7,70994,7397,1717,16,103.6
"2137",2020-10-14,7,69277,7381,1618,5,100.9
"2138",2020-10-13,7,67659,7376,1421,10,98.5
"2139",2020-10-12,7,66238,7366,1572,10,95.6
"2140",2020-10-11,7,64666,7356,741,8,92.4
"2141",2020-10-10,7,63925,7348,869,8,93.3
"2142",2020-10-09,7,63056,7340,1344,13,92.4
"2143",2020-10-08,7,61712,7327,1477,12,88.9
"2144",2020-10-07,7,60235,7315,1401,12,84.4
"2145",2020-10-06,7,58834,7303,1165,11,79.7
"2146",2020-10-05,7,57669,7292,1286,16,74.5
"2147",2020-10-04,7,56383,7276,818,6,68.4
"2148",2020-10-03,7,55565,7270,789,5,65.2
"2149",2020-10-02,7,54776,7265,1035,8,62.5
"2150",2020-10-01,7,53741,7257,1066,10,57.7
"2151",2020-09-30,7,52675,7247,987,12,52.5
"2152",2020-09-29,7,51688,7235,698,15,48.8
"2153",2020-09-28,7,50990,7220,740,11,46.8
"2154",2020-09-27,7,50250,7209,528,11,43.3
"2155",2020-09-26,7,49722,7198,548,5,42
"2156",2020-09-25,7,49174,7193,604,4,39.7
"2157",2020-09-24,7,48570,7189,600,6,37.3
"2158",2020-09-23,7,47970,7183,656,13,34.2
"2159",2020-09-22,7,47314,7170,521,10,30.1
"2160",2020-09-21,7,46793,7160,428,8,27.3
"2161",2020-09-20,7,46365,7152,410,14,25.9
"2162",2020-09-19,7,45955,7138,339,9,22.6
"2163",2020-09-18,7,45616,7129,387,5,21.4
"2164",2020-09-17,7,45229,7124,322,11,20.7
"2165",2020-09-16,7,44907,7113,293,5,21.5
"2166",2020-09-15,7,44614,7108,270,7,22.1
"2167",2020-09-14,7,44344,7101,300,3,22.9
"2168",2020-09-13,7,44044,7098,112,5,24.7
"2169",2020-09-12,7,43932,7093,230,1,25.7
"2170",2020-09-11,7,43702,7092,332,5,26.2
"2171",2020-09-10,7,43370,7087,392,5,26.4
"2172",2020-09-09,7,42978,7082,343,2,25.9
"2173",2020-09-08,7,42635,7080,343,1,25.8
"2174",2020-09-07,7,42292,7079,462,3,25.5
"2175",2020-09-06,7,41830,7076,205,5,22.8
"2176",2020-09-05,7,41625,7071,270,6,22
"2177",2020-09-04,7,41355,7065,355,4,20.5
"2178",2020-09-03,7,41000,7061,347,4,19
"2179",2020-09-02,7,40653,7057,334,1,17.7
"2180",2020-09-01,7,40319,7056,314,8,15.8
"2181",2020-08-31,7,40005,7048,216,7,14.2
"2182",2020-08-30,7,39789,7041,133,1,13.9
"2183",2020-08-29,7,39656,7040,139,4,14.1
"2184",2020-08-28,7,39517,7036,221,3,13.8
"2185",2020-08-27,7,39296,7033,229,2,13.2
"2186",2020-08-26,7,39067,7031,164,4,12.9
"2187",2020-08-25,7,38903,7027,169,6,12.8
"2188",2020-08-24,7,38734,7021,195,3,12.9
"2189",2020-08-23,7,38539,7018,143,3,12.9
"2190",2020-08-22,7,38396,7015,118,5,12.3
"2191",2020-08-21,7,38278,7010,167,3,12.1
"2192",2020-08-20,7,38111,7007,204,6,11.7
"2193",2020-08-19,7,37907,7001,152,1,10.8
"2194",2020-08-18,7,37755,7000,181,6,10.8
"2195",2020-08-17,7,37574,6994,189,5,10.5
"2196",2020-08-16,7,37385,6989,88,5,10
"2197",2020-08-15,7,37297,6984,106,7,9.7
"2198",2020-08-14,7,37191,6977,126,3,9.1
"2199",2020-08-13,7,37065,6974,124,7,9.1
"2200",2020-08-12,7,36941,6967,157,9,8.9
"2201",2020-08-11,7,36784,6958,149,7,8.4
"2202",2020-08-10,7,36635,6951,142,9,7.9
"2203",2020-08-09,7,36493,6942,67,4,7.3
"2204",2020-08-08,7,36426,6938,55,9,7.4
"2205",2020-08-07,7,36371,6929,122,3,7.4
"2206",2020-08-06,7,36249,6926,103,5,6.9
"2207",2020-08-05,7,36146,6921,114,2,6.9
"2208",2020-08-04,7,36032,6919,104,3,6.7
"2209",2020-08-03,7,35928,6916,87,3,6.6
"2210",2020-08-02,7,35841,6913,76,4,6.8
"2211",2020-08-01,7,35765,6909,58,8,6.7
"2212",2020-07-31,7,35707,6901,73,7,6.6
"2213",2020-07-30,7,35634,6894,102,3,6.8
"2214",2020-07-29,7,35532,6891,99,4,6.4
"2215",2020-07-28,7,35433,6887,100,5,6.2
"2216",2020-07-27,7,35333,6882,100,5,6
"2217",2020-07-26,7,35233,6877,65,2,6
"2218",2020-07-25,7,35168,6875,56,7,5.7
"2219",2020-07-24,7,35112,6868,83,1,5.6
"2220",2020-07-23,7,35029,6867,71,8,5.2
"2221",2020-07-22,7,34958,6859,81,8,5.2
"2222",2020-07-21,7,34877,6851,82,4,5.2
"2223",2020-07-20,7,34795,6847,97,3,4.9
"2224",2020-07-19,7,34698,6844,41,7,4.8
"2225",2020-07-18,7,34657,6837,48,3,4.8
"2226",2020-07-17,7,34609,6834,48,9,4.4
"2227",2020-07-16,7,34561,6825,70,4,4.3
"2228",2020-07-15,7,34491,6821,76,4,4.2
"2229",2020-07-14,7,34415,6817,62,5,4
"2230",2020-07-13,7,34353,6812,85,8,3.9
"2231",2020-07-12,7,34268,6804,37,6,3.6
"2232",2020-07-11,7,34231,6798,19,9,3.7
"2233",2020-07-10,7,34212,6789,40,5,3.9
"2234",2020-07-09,7,34172,6784,54,6,3.9
"2235",2020-07-08,7,34118,6778,57,8,3.7
"2236",2020-07-07,7,34061,6770,61,5,3.5
"2237",2020-07-06,7,34000,6765,54,6,3.4
"2238",2020-07-05,7,33946,6759,51,14,3.5
"2239",2020-07-04,7,33895,6745,32,5,3.2
"2240",2020-07-03,7,33863,6740,38,10,3.2
"2241",2020-07-02,7,33825,6730,40,5,3.3
"2242",2020-07-01,7,33785,6725,42,12,3.5
"2243",2020-06-30,7,33743,6713,52,6,3.5
"2244",2020-06-29,7,33691,6707,58,7,3.5
"2245",2020-06-28,7,33633,6700,22,4,3.4
"2246",2020-06-27,7,33611,6696,32,5,3.5
"2247",2020-06-26,7,33579,6691,48,9,3.4
"2248",2020-06-25,7,33531,6682,57,12,3.3
"2249",2020-06-24,7,33474,6670,46,8,3.2
"2250",2020-06-23,7,33428,6662,49,9,3.1
"2251",2020-06-22,7,33379,6653,51,9,3.1
"2252",2020-06-21,7,33328,6644,27,5,3
"2253",2020-06-20,7,33301,6639,29,9,3
"2254",2020-06-19,7,33272,6630,37,12,3.1
"2255",2020-06-18,7,33235,6618,46,7,3.3
"2256",2020-06-17,7,33189,6611,42,5,3.3
"2257",2020-06-16,7,33147,6606,46,5,3.4
"2258",2020-06-15,7,33101,6601,41,6,3.7
"2259",2020-06-14,7,33060,6595,31,10,3.9
"2260",2020-06-13,7,33029,6585,39,6,4.1
"2261",2020-06-12,7,32990,6579,53,14,4.1
"2262",2020-06-11,7,32937,6565,47,11,4.1
"2263",2020-06-10,7,32890,6554,52,11,4.2
"2264",2020-06-09,7,32838,6543,71,13,4.5
"2265",2020-06-08,7,32767,6530,56,13,4.2
"2266",2020-06-07,7,32711,6517,45,14,4.1
"2267",2020-06-06,7,32666,6503,46,4,4.1
"2268",2020-06-05,7,32620,6499,46,6,4
"2269",2020-06-04,7,32574,6493,57,17,4.1
"2270",2020-06-03,7,32517,6476,79,15,4.3
"2271",2020-06-02,7,32438,6461,48,15,4.3
"2272",2020-06-01,7,32390,6446,49,17,4.5
"2273",2020-05-31,7,32341,6429,38,15,4.6
"2274",2020-05-30,7,32303,6414,39,18,4.8
"2275",2020-05-29,7,32264,6396,57,14,5.1
"2276",2020-05-28,7,32207,6382,74,14,5.3
"2277",2020-05-27,7,32133,6368,84,18,6.3
"2278",2020-05-26,7,32049,6350,65,20,6.9
"2279",2020-05-25,7,31984,6330,58,18,7.6
"2280",2020-05-24,7,31926,6312,50,9,8.2
"2281",2020-05-23,7,31876,6303,65,16,8.6
"2282",2020-05-22,7,31811,6287,83,16,8.7
"2283",2020-05-21,7,31728,6271,158,22,9.2
"2284",2020-05-20,7,31570,6249,143,30,9.2
"2285",2020-05-19,7,31427,6219,128,26,9.9
"2286",2020-05-18,7,31299,6193,111,22,10.6
"2287",2020-05-17,7,31188,6171,79,22,11.2
"2288",2020-05-16,7,31109,6149,76,21,11.7
"2289",2020-05-15,7,31033,6128,132,26,12.3
"2290",2020-05-14,7,30901,6102,158,29,13.1
"2291",2020-05-13,7,30743,6073,204,22,14.3
"2292",2020-05-12,7,30539,6051,193,29,15.1
"2293",2020-05-11,7,30346,6022,160,39,15.3
"2294",2020-05-10,7,30186,5983,125,35,16.3
"2295",2020-05-09,7,30061,5948,128,33,16.7
"2296",2020-05-08,7,29933,5915,206,39,18.1
"2297",2020-05-07,7,29727,5876,270,45,19.8
"2298",2020-05-06,7,29457,5831,267,47,21.5
"2299",2020-05-05,7,29190,5784,216,42,23.3
"2300",2020-05-04,7,28974,5742,247,50,24.3
"2301",2020-05-03,7,28727,5692,167,50,26.3
"2302",2020-05-02,7,28560,5642,248,65,27.9
"2303",2020-05-01,7,28312,5577,355,49,28.8
"2304",2020-04-30,7,27957,5528,424,50,29.1
"2305",2020-04-29,7,27533,5478,428,56,30.2
"2306",2020-04-28,7,27105,5422,312,69,29.9
"2307",2020-04-27,7,26793,5353,419,59,31.6
"2308",2020-04-26,7,26374,5294,311,67,31.8
"2309",2020-04-25,7,26063,5227,333,65,32.7
"2310",2020-04-24,7,25730,5162,379,86,33.5
"2311",2020-04-23,7,25351,5076,524,87,35.7
"2312",2020-04-22,7,24827,4989,398,114,36.3
"2313",2020-04-21,7,24429,4875,466,104,39.2
"2314",2020-04-20,7,23963,4771,435,100,40.7
"2315",2020-04-19,7,23528,4671,396,117,42.5
"2316",2020-04-18,7,23132,4554,400,119,43.7
"2317",2020-04-17,7,22732,4435,579,110,45.1
"2318",2020-04-16,7,22153,4325,577,141,45.5
"2319",2020-04-15,7,21576,4184,658,146,48
"2320",2020-04-14,7,20918,4038,599,144,50.4
"2321",2020-04-13,7,20319,3894,602,170,54.3
"2322",2020-04-12,7,19717,3724,501,170,57.2
"2323",2020-04-11,7,19216,3554,523,165,58.7
"2324",2020-04-10,7,18693,3389,617,176,61.4
"2325",2020-04-09,7,18076,3213,800,198,65.5
"2326",2020-04-08,7,17276,3015,875,231,68.4
"2327",2020-04-07,7,16401,2784,952,222,69.6
"2328",2020-04-06,7,15449,2562,860,195,69.4
"2329",2020-04-05,7,14589,2367,633,196,69.5
"2330",2020-04-04,7,13956,2171,765,224,69.1
"2331",2020-04-03,7,13191,1947,981,190,67
"2332",2020-04-02,7,12210,1757,1068,195,65.2
"2333",2020-04-01,7,11142,1562,979,189,61.8
"2428",2020-12-08,8,158706,8109,3084,51,186.7
"2429",2020-12-07,8,155622,8058,3265,35,177.9
"2430",2020-12-06,8,152357,8023,2024,39,168.5
"2431",2020-12-05,8,150333,7984,1883,46,162.4
"2432",2020-12-04,8,148450,7938,2328,59,157.8
"2433",2020-12-03,8,146122,7879,2283,56,154.8
"2434",2020-12-02,8,143839,7823,2270,49,149
"2435",2020-12-01,8,141569,7774,2277,58,146.5
"2436",2020-11-30,8,139292,7716,2406,37,143.1
"2437",2020-11-29,8,136886,7679,1464,55,142.8
"2438",2020-11-28,8,135422,7624,1454,39,140.9
"2439",2020-11-27,8,133968,7585,2055,47,141.1
"2440",2020-11-26,8,131913,7538,1754,55,139.3
"2441",2020-11-25,8,130159,7483,2042,58,140.7
"2442",2020-11-24,8,128117,7425,1963,45,143.1
"2443",2020-11-23,8,126154,7380,2378,51,146.6
"2444",2020-11-22,8,123776,7329,1290,45,153.3
"2445",2020-11-21,8,122486,7284,1471,37,157.6
"2446",2020-11-20,8,121015,7247,1886,39,161.2
"2447",2020-11-19,8,119129,7208,1891,43,170.4
"2448",2020-11-18,8,117238,7165,2259,51,178.3
"2449",2020-11-17,8,114979,7114,2281,33,183.3
"2450",2020-11-16,8,112698,7081,2994,39,186.7
"2451",2020-11-15,8,109704,7042,1687,38,186.6
"2452",2020-11-14,8,108017,7004,1804,38,189.5
"2453",2020-11-13,8,106213,6966,2726,30,188.4
"2454",2020-11-12,8,103487,6936,2617,35,179.6
"2455",2020-11-11,8,100870,6901,2715,29,172
"2456",2020-11-10,8,98155,6872,2598,32,163.6
"2457",2020-11-09,8,95557,6840,2985,38,156.7
"2458",2020-11-08,8,92572,6802,1951,32,151.6
"2459",2020-11-07,8,90621,6770,1706,27,141.3
"2460",2020-11-06,8,88915,6743,1920,20,135.9
"2461",2020-11-05,8,86995,6723,1919,18,133.4
"2462",2020-11-04,8,85076,6705,1938,18,131
"2463",2020-11-03,8,83138,6687,1962,26,127.7
"2464",2020-11-02,8,81176,6661,2517,23,124.8
"2465",2020-11-01,8,78659,6638,1007,29,117.6
"2466",2020-10-31,8,77652,6609,1209,34,117.2
"2467",2020-10-30,8,76443,6575,1691,23,116
"2468",2020-10-29,8,74752,6552,1703,13,113
"2469",2020-10-28,8,73049,6539,1630,17,110.2
"2470",2020-10-27,8,71419,6522,1700,15,110.3
"2471",2020-10-26,8,69719,6507,1856,24,109.1
"2472",2020-10-25,8,67863,6483,972,14,104.2
"2473",2020-10-24,8,66891,6469,1095,16,101.9
"2474",2020-10-23,8,65796,6453,1420,20,98.6
"2475",2020-10-22,8,64376,6433,1444,11,93.5
"2476",2020-10-21,8,62932,6422,1639,17,88.4
"2477",2020-10-20,8,61293,6405,1592,15,82.2
"2478",2020-10-19,8,59701,6390,1402,12,75.9
"2479",2020-10-18,8,58299,6378,758,10,70.1
"2480",2020-10-17,8,57541,6368,794,13,67.1
"2481",2020-10-16,8,56747,6355,955,8,64.5
"2482",2020-10-15,8,55792,6347,972,11,62.6
"2483",2020-10-14,8,54820,6336,1075,14,62.5
"2484",2020-10-13,8,53745,6322,1016,14,60.6
"2485",2020-10-12,8,52729,6308,864,12,57
"2486",2020-10-11,8,51865,6296,483,10,55.6
"2487",2020-10-10,8,51382,6286,559,6,56.5
"2488",2020-10-09,8,50823,6280,774,6,56.3
"2489",2020-10-08,8,50049,6274,964,7,54.7
"2490",2020-10-07,8,49085,6267,907,11,49.9
"2491",2020-10-06,8,48178,6256,678,8,45.3
"2492",2020-10-05,8,47500,6248,743,4,41.7
"2493",2020-10-04,8,46757,6244,559,11,37.6
"2494",2020-10-03,8,46198,6233,543,15,34.4
"2495",2020-10-02,8,45655,6218,630,6,30.9
"2496",2020-10-01,8,45025,6212,517,11,27.4
"2497",2020-09-30,8,44508,6201,487,8,24.9
"2498",2020-09-29,8,44021,6193,350,10,22.4
"2499",2020-09-28,8,43671,6183,370,14,21.5
"2500",2020-09-27,8,43301,6169,265,7,19.9
"2501",2020-09-26,8,43036,6162,216,8,18.9
"2502",2020-09-25,8,42820,6154,311,11,18.4
"2503",2020-09-24,8,42509,6143,290,8,17.2
"2504",2020-09-23,8,42219,6135,254,6,15.8
"2505",2020-09-22,8,41965,6129,264,8,14.6
"2506",2020-09-21,8,41701,6121,226,6,13.2
"2507",2020-09-20,8,41475,6115,175,3,12.4
"2508",2020-09-19,8,41300,6112,173,8,11.1
"2509",2020-09-18,8,41127,6104,193,6,10.7
"2510",2020-09-17,8,40934,6098,163,7,10.4
"2511",2020-09-16,8,40771,6091,146,7,10.9
"2512",2020-09-15,8,40625,6084,137,14,11.1
"2513",2020-09-14,8,40488,6070,148,6,11.7
"2514",2020-09-13,8,40340,6064,63,9,12.3
"2515",2020-09-12,8,40277,6055,136,10,13.6
"2516",2020-09-11,8,40141,6045,158,3,13.8
"2517",2020-09-10,8,39983,6042,214,7,14.5
"2518",2020-09-09,8,39769,6035,167,8,14.7
"2519",2020-09-08,8,39602,6027,187,6,15
"2520",2020-09-07,8,39415,6021,203,4,14.3
"2521",2020-09-06,8,39212,6017,180,4,13.4
"2522",2020-09-05,8,39032,6013,158,7,12.5
"2523",2020-09-04,8,38874,6006,226,10,11.9
"2524",2020-09-03,8,38648,5996,225,7,10.7
"2525",2020-09-02,8,38423,5989,198,5,9.7
"2526",2020-09-01,8,38225,5984,124,11,8.8
"2527",2020-08-31,8,38101,5973,117,13,8.4
"2528",2020-08-30,8,37984,5960,101,4,8.1
"2529",2020-08-29,8,37883,5956,104,8,8
"2530",2020-08-28,8,37779,5948,116,12,7.7
"2531",2020-08-27,8,37663,5936,127,8,7.6
"2532",2020-08-26,8,37536,5928,115,9,7.6
"2533",2020-08-25,8,37421,5919,90,8,7.6
"2534",2020-08-24,8,37331,5911,95,6,7.5
"2535",2020-08-23,8,37236,5905,84,9,7.7
"2536",2020-08-22,8,37152,5896,78,8,7.1
"2537",2020-08-21,8,37074,5888,110,8,6.8
"2538",2020-08-20,8,36964,5880,130,6,6.6
"2539",2020-08-19,8,36834,5874,115,11,6
"2540",2020-08-18,8,36719,5863,77,6,5.7
"2541",2020-08-17,8,36642,5857,109,6,5.7
"2542",2020-08-16,8,36533,5851,36,7,5.7
"2543",2020-08-15,8,36497,5844,45,8,5.6
"2544",2020-08-14,8,36452,5836,95,13,5.5
"2545",2020-08-13,8,36357,5823,76,16,5.1
"2546",2020-08-12,8,36281,5807,83,8,4.9
"2547",2020-08-11,8,36198,5799,77,10,4.7
"2548",2020-08-10,8,36121,5789,112,15,4.6
"2549",2020-08-09,8,36009,5774,29,9,4.2
"2550",2020-08-08,8,35980,5765,31,11,4.1
"2551",2020-08-07,8,35949,5754,56,10,4.1
"2552",2020-08-06,8,35893,5744,61,5,3.9
"2553",2020-08-05,8,35832,5739,66,11,3.9
"2554",2020-08-04,8,35766,5728,66,4,4.1
"2555",2020-08-03,8,35700,5724,76,5,4.1
"2556",2020-08-02,8,35624,5719,21,9,4.2
"2557",2020-08-01,8,35603,5710,29,7,4.3
"2558",2020-07-31,8,35574,5703,41,15,4.5
"2559",2020-07-30,8,35533,5688,62,4,4.8
"2560",2020-07-29,8,35471,5684,80,11,4.9
"2561",2020-07-28,8,35391,5673,63,11,4.9
"2562",2020-07-27,8,35328,5662,85,8,5
"2563",2020-07-26,8,35243,5654,37,14,5.1
"2564",2020-07-25,8,35206,5640,47,8,5.2
"2565",2020-07-24,8,35159,5632,63,6,5.2
"2566",2020-07-23,8,35096,5626,76,11,5.1
"2567",2020-07-22,8,35020,5615,77,12,4.9
"2568",2020-07-21,8,34943,5603,77,11,4.8
"2569",2020-07-20,8,34866,5592,87,11,4.6
"2570",2020-07-19,8,34779,5581,46,12,4.4
"2571",2020-07-18,8,34733,5569,54,14,4.2
"2572",2020-07-17,8,34679,5555,49,12,4
"2573",2020-07-16,8,34630,5543,63,14,4.3
"2574",2020-07-15,8,34567,5529,63,16,4.5
"2575",2020-07-14,8,34504,5513,59,18,4.7
"2576",2020-07-13,8,34445,5495,69,11,4.7
"2577",2020-07-12,8,34376,5484,31,10,4.4
"2578",2020-07-11,8,34345,5474,35,16,4.7
"2579",2020-07-10,8,34310,5458,76,14,4.7
"2580",2020-07-09,8,34234,5444,84,14,4.5
"2581",2020-07-08,8,34150,5430,82,13,4.2
"2582",2020-07-07,8,34068,5417,55,13,4.1
"2583",2020-07-06,8,34013,5404,44,13,4.1
"2584",2020-07-05,8,33969,5391,58,12,4.5
"2585",2020-07-04,8,33911,5379,29,18,4.3
"2586",2020-07-03,8,33882,5361,61,9,4.6
"2587",2020-07-02,8,33821,5352,60,13,4.7
"2588",2020-07-01,8,33761,5339,68,11,4.7
"2589",2020-06-30,8,33693,5328,56,14,4.4
"2590",2020-06-29,8,33637,5314,78,14,4.5
"2591",2020-06-28,8,33559,5300,45,16,4.5
"2592",2020-06-27,8,33514,5284,54,18,4.7
"2593",2020-06-26,8,33460,5266,66,17,4.8
"2594",2020-06-25,8,33394,5249,64,17,5
"2595",2020-06-24,8,33330,5232,44,23,5.1
"2596",2020-06-23,8,33286,5209,60,16,5.5
"2597",2020-06-22,8,33226,5193,78,13,5.9
"2598",2020-06-21,8,33148,5180,67,15,6.1
"2599",2020-06-20,8,33081,5165,65,11,6.2
"2600",2020-06-19,8,33016,5154,78,19,6.2
"2601",2020-06-18,8,32938,5135,75,14,6.3
"2602",2020-06-17,8,32863,5121,82,19,6.5
"2603",2020-06-16,8,32781,5102,96,22,6.9
"2604",2020-06-15,8,32685,5080,98,18,7.1
"2605",2020-06-14,8,32587,5062,71,13,7.4
"2606",2020-06-13,8,32516,5049,66,23,7.3
"2607",2020-06-12,8,32450,5026,86,17,7.5
"2608",2020-06-11,8,32364,5009,94,15,8.1
"2609",2020-06-10,8,32270,4994,125,27,8.8
"2610",2020-06-09,8,32145,4967,114,28,8.9
"2611",2020-06-08,8,32031,4939,124,15,10.1
"2612",2020-06-07,8,31907,4924,61,23,10.7
"2613",2020-06-06,8,31846,4901,85,21,11.5
"2614",2020-06-05,8,31761,4880,140,27,12
"2615",2020-06-04,8,31621,4853,159,28,12.3
"2616",2020-06-03,8,31462,4825,136,24,12.7
"2617",2020-06-02,8,31326,4801,219,35,13.5
"2618",2020-06-01,8,31107,4766,184,34,13
"2619",2020-05-31,8,30923,4732,134,25,13.1
"2620",2020-05-30,8,30789,4707,132,29,13.2
"2621",2020-05-29,8,30657,4678,163,34,13.1
"2622",2020-05-28,8,30494,4644,202,31,14
"2623",2020-05-27,8,30292,4613,202,34,15.1
"2624",2020-05-26,8,30090,4579,181,40,16.6
"2625",2020-05-25,8,29909,4539,186,22,18.9
"2626",2020-05-24,8,29723,4517,150,29,20.8
"2627",2020-05-23,8,29573,4488,121,40,21.5
"2628",2020-05-22,8,29452,4448,247,49,22.3
"2629",2020-05-21,8,29205,4399,303,24,22.5
"2630",2020-05-20,8,28902,4375,340,49,22.4
"2631",2020-05-19,8,28562,4326,386,34,24
"2632",2020-05-18,8,28176,4292,359,39,24.2
"2633",2020-05-17,8,27817,4253,222,40,25.5
"2634",2020-05-16,8,27595,4213,191,43,26.4
"2635",2020-05-15,8,27404,4170,263,45,27.1
"2636",2020-05-14,8,27141,4125,295,59,28
"2637",2020-05-13,8,26846,4066,484,44,29.4
"2638",2020-05-12,8,26362,4022,411,53,29
"2639",2020-05-11,8,25951,3969,476,47,29.7
"2640",2020-05-10,8,25475,3922,308,41,29.8
"2641",2020-05-09,8,25167,3881,247,60,30.4
"2642",2020-05-08,8,24920,3821,352,46,32.2
"2643",2020-05-07,8,24568,3775,419,51,34.1
"2644",2020-05-06,8,24149,3724,446,48,36.6
"2645",2020-05-05,8,23703,3676,475,54,39.3
"2646",2020-05-04,8,23228,3622,488,61,41.3
"2647",2020-05-03,8,22740,3561,363,41,42
"2648",2020-05-02,8,22377,3520,416,57,43.5
"2649",2020-05-01,8,21961,3463,523,83,44.6
"2650",2020-04-30,8,21438,3380,649,54,46.1
"2651",2020-04-29,8,20789,3326,690,73,46.4
"2652",2020-04-28,8,20099,3253,659,69,46.4
"2653",2020-04-27,8,19440,3184,555,61,46.2
"2654",2020-04-26,8,18885,3123,501,80,45.4
"2655",2020-04-25,8,18384,3043,517,92,44.5
"2656",2020-04-24,8,17867,2951,657,93,44.6
"2657",2020-04-23,8,17210,2858,680,91,45.1
"2658",2020-04-22,8,16530,2767,693,85,44.8
"2659",2020-04-21,8,15837,2682,634,92,45
"2660",2020-04-20,8,15203,2590,490,116,44.2
"2661",2020-04-19,8,14713,2474,414,106,45.1
"2662",2020-04-18,8,14299,2368,523,79,45.9
"2663",2020-04-17,8,13776,2289,705,109,44.3
"2664",2020-04-16,8,13071,2180,656,86,42.9
"2665",2020-04-15,8,12415,2094,712,93,41.5
"2666",2020-04-14,8,11703,2001,554,95,39.9
"2667",2020-04-13,8,11149,1906,576,103,41.6
"2668",2020-04-12,8,10573,1803,485,117,41.8
"2669",2020-04-11,8,10088,1686,381,110,41.1
"2670",2020-04-10,8,9707,1576,576,110,41.9
"2671",2020-04-09,8,9131,1466,522,128,41.3
"2672",2020-04-08,8,8609,1338,565,112,40.9
"2673",2020-04-07,8,8044,1226,717,119,40.7
"2674",2020-04-06,8,7327,1107,592,106,38
"2675",2020-04-05,8,6735,1001,424,104,36.8
"2676",2020-04-04,8,6311,897,455,114,35.4
"2677",2020-04-03,8,5856,783,517,83,34.1
"2678",2020-04-02,8,5339,700,485,80,32.1
"2679",2020-04-01,8,4854,620,546,85,30.3
"2774",2020-12-08,9,86388,3451,834,23,80.6
"2775",2020-12-07,9,85554,3428,777,25,78.8
"2776",2020-12-06,9,84777,3403,503,17,79.2
"2777",2020-12-05,9,84274,3386,513,24,79.2
"2778",2020-12-04,9,83761,3362,591,30,79.1
"2779",2020-12-03,9,83170,3332,668,26,81
"2780",2020-12-02,9,82502,3306,650,28,82.7
"2781",2020-12-01,9,81852,3278,732,28,86.2
"2782",2020-11-30,9,81120,3250,799,39,87.8
"2783",2020-11-29,9,80321,3211,503,31,91.4
"2784",2020-11-28,9,79818,3180,505,37,92.6
"2785",2020-11-27,9,79313,3143,699,30,95.9
"2786",2020-11-26,9,78614,3113,764,23,99.5
"2787",2020-11-25,9,77850,3090,845,33,103.5
"2788",2020-11-24,9,77005,3057,825,35,109.4
"2789",2020-11-23,9,76180,3022,998,20,117.7
"2790",2020-11-22,9,75182,3002,572,39,130.8
"2791",2020-11-21,9,74610,2963,693,42,139.5
"2792",2020-11-20,9,73917,2921,898,39,149.5
"2793",2020-11-19,9,73019,2882,990,24,164
"2794",2020-11-18,9,72029,2858,1176,29,174.1
"2795",2020-11-17,9,70853,2829,1295,28,181.5
"2796",2020-11-16,9,69558,2801,1734,25,190
"2797",2020-11-15,9,67824,2776,1058,20,193.1
"2798",2020-11-14,9,66766,2756,1257,14,197.2
"2799",2020-11-13,9,65509,2742,1714,20,195.5
"2800",2020-11-12,9,63795,2722,1559,22,191.4
"2801",2020-11-11,9,62236,2700,1592,20,191.4
"2802",2020-11-10,9,60644,2680,1774,11,191.5
"2803",2020-11-09,9,58870,2669,1905,22,187.3
"2804",2020-11-08,9,56965,2647,1291,21,185.2
"2805",2020-11-07,9,55674,2626,1164,14,175
"2806",2020-11-06,9,54510,2612,1481,18,169.4
"2807",2020-11-05,9,53029,2594,1556,20,165.1
"2808",2020-11-04,9,51473,2574,1603,8,162.5
"2809",2020-11-03,9,49870,2566,1535,9,158.4
"2810",2020-11-02,9,48335,2557,1788,17,156.3
"2811",2020-11-01,9,46547,2540,714,9,148.3
"2812",2020-10-31,9,45833,2531,851,10,151.7
"2813",2020-10-30,9,44982,2521,1240,14,150.6
"2814",2020-10-29,9,43742,2507,1409,18,148.7
"2815",2020-10-28,9,42333,2489,1372,13,146.4
"2816",2020-10-27,9,40961,2476,1420,13,146.2
"2817",2020-10-26,9,39541,2463,1336,13,141.1
"2818",2020-10-25,9,38205,2450,904,8,137.4
"2819",2020-10-24,9,37301,2442,787,13,131.7
"2820",2020-10-23,9,36514,2429,1137,7,129.2
"2821",2020-10-22,9,35377,2422,1278,10,122.8
"2822",2020-10-21,9,34099,2412,1359,7,112.1
"2823",2020-10-20,9,32740,2405,1136,5,103
"2824",2020-10-19,9,31604,2400,1125,6,99.6
"2825",2020-10-18,9,30479,2394,587,5,92.8
"2826",2020-10-17,9,29892,2389,643,9,90.7
"2827",2020-10-16,9,29249,2380,781,5,89.3
"2828",2020-10-15,9,28468,2375,673,4,88.9
"2829",2020-10-14,9,27795,2371,851,4,91.8
"2830",2020-10-13,9,26944,2367,945,2,90.8
"2831",2020-10-12,9,25999,2365,738,6,85.5
"2832",2020-10-11,9,25261,2359,473,7,83.9
"2833",2020-10-10,9,24788,2352,560,1,83.1
"2834",2020-10-09,9,24228,2351,758,6,80.2
"2835",2020-10-08,9,23470,2345,838,1,74.1
"2836",2020-10-07,9,22632,2344,795,2,66.2
"2837",2020-10-06,9,21837,2342,648,5,59.1
"2838",2020-10-05,9,21189,2337,647,4,52.3
"2839",2020-10-04,9,20542,2333,430,5,46.5
"2840",2020-10-03,9,20112,2328,396,5,40.9
"2841",2020-10-02,9,19716,2323,416,2,36.2
"2842",2020-10-01,9,19300,2321,390,3,32.6
"2843",2020-09-30,9,18910,2318,395,3,29.4
"2844",2020-09-29,9,18515,2315,267,4,25.4
"2845",2020-09-28,9,18248,2311,319,4,23.4
"2846",2020-09-27,9,17929,2307,118,5,20.4
"2847",2020-09-26,9,17811,2302,129,2,20.8
"2848",2020-09-25,9,17682,2300,217,2,20.7
"2849",2020-09-24,9,17465,2298,207,4,19.1
"2850",2020-09-23,9,17258,2294,171,1,17.3
"2851",2020-09-22,9,17087,2293,153,2,15.6
"2852",2020-09-21,9,16934,2291,150,4,14.4
"2853",2020-09-20,9,16784,2287,143,2,13.1
"2854",2020-09-19,9,16641,2285,126,5,11.5
"2855",2020-09-18,9,16515,2280,124,2,10.4
"2856",2020-09-17,9,16391,2278,107,5,9.9
"2857",2020-09-16,9,16284,2273,74,0,9.5
"2858",2020-09-15,9,16210,2273,86,6,9.5
"2859",2020-09-14,9,16124,2267,77,1,9.3
"2860",2020-09-13,9,16047,2266,55,5,9.7
"2861",2020-09-12,9,15992,2261,63,0,10
"2862",2020-09-11,9,15929,2261,94,0,10.3
"2863",2020-09-10,9,15835,2261,84,3,11
"2864",2020-09-09,9,15751,2258,76,0,12.1
"2865",2020-09-08,9,15675,2258,75,3,13.1
"2866",2020-09-07,9,15600,2255,97,2,13.5
"2867",2020-09-06,9,15503,2253,73,6,12.8
"2868",2020-09-05,9,15430,2247,83,6,12.1
"2869",2020-09-04,9,15347,2241,131,5,11.5
"2870",2020-09-03,9,15216,2236,146,4,10.5
"2871",2020-09-02,9,15070,2232,131,2,8.9
"2872",2020-09-01,9,14939,2230,99,2,7.6
"2873",2020-08-31,9,14840,2228,57,6,6.8
"2874",2020-08-30,9,14783,2222,34,2,6.6
"2875",2020-08-29,9,14749,2220,50,1,6.8
"2876",2020-08-28,9,14699,2219,72,3,6.6
"2877",2020-08-27,9,14627,2216,56,3,6.4
"2878",2020-08-26,9,14571,2213,62,0,6.9
"2879",2020-08-25,9,14509,2213,50,3,7.1
"2880",2020-08-24,9,14459,2210,49,3,7.2
"2881",2020-08-23,9,14410,2207,41,2,7.2
"2882",2020-08-22,9,14369,2205,39,3,7.1
"2883",2020-08-21,9,14330,2202,64,0,6.8
"2884",2020-08-20,9,14266,2202,85,5,6.7
"2885",2020-08-19,9,14181,2197,69,1,6.1
"2886",2020-08-18,9,14112,2196,58,1,5.6
"2887",2020-08-17,9,14054,2195,48,3,5.3
"2888",2020-08-16,9,14006,2192,37,2,5.2
"2889",2020-08-15,9,13969,2190,24,3,4.8
"2890",2020-08-14,9,13945,2187,55,4,4.8
"2891",2020-08-13,9,13890,2183,53,3,4.6
"2892",2020-08-12,9,13837,2180,42,2,4.4
"2893",2020-08-11,9,13795,2178,41,3,4.4
"2894",2020-08-10,9,13754,2175,41,6,4.6
"2895",2020-08-09,9,13713,2169,15,5,4.7
"2896",2020-08-08,9,13698,2164,25,5,4.6
"2897",2020-08-07,9,13673,2159,41,1,4.3
"2898",2020-08-06,9,13632,2158,45,3,4.1
"2899",2020-08-05,9,13587,2155,40,2,4.4
"2900",2020-08-04,9,13547,2153,54,4,4.6
"2901",2020-08-03,9,13493,2149,43,3,4.3
"2902",2020-08-02,9,13450,2146,10,4,4.2
"2903",2020-08-01,9,13440,2142,9,0,4.4
"2904",2020-07-31,9,13431,2142,29,2,4.5
"2905",2020-07-30,9,13402,2140,63,2,4.6
"2906",2020-07-29,9,13339,2138,53,4,4.2
"2907",2020-07-28,9,13286,2134,34,0,3.8
"2908",2020-07-27,9,13252,2134,39,2,3.8
"2909",2020-07-26,9,13213,2132,20,5,3.5
"2910",2020-07-25,9,13193,2127,17,3,3.3
"2911",2020-07-24,9,13176,2124,34,2,3.2
"2912",2020-07-23,9,13142,2122,39,1,3
"2913",2020-07-22,9,13103,2121,30,0,2.8
"2914",2020-07-21,9,13073,2121,35,3,2.5
"2915",2020-07-20,9,13038,2118,23,7,2.3
"2916",2020-07-19,9,13015,2111,9,3,2.2
"2917",2020-07-18,9,13006,2108,12,5,2.1
"2918",2020-07-17,9,12994,2103,20,2,2
"2919",2020-07-16,9,12974,2101,27,2,1.9
"2920",2020-07-15,9,12947,2099,17,5,1.7
"2921",2020-07-14,9,12930,2094,19,5,1.7
"2922",2020-07-13,9,12911,2089,17,2,1.6
"2923",2020-07-12,9,12894,2087,6,2,1.7
"2924",2020-07-11,9,12888,2085,6,2,1.9
"2925",2020-07-10,9,12882,2083,13,3,2
"2926",2020-07-09,9,12869,2080,17,4,1.9
"2927",2020-07-08,9,12852,2076,15,5,1.8
"2928",2020-07-07,9,12837,2071,16,0,1.9
"2929",2020-07-06,9,12821,2071,23,7,2
"2930",2020-07-05,9,12798,2064,17,3,1.8
"2931",2020-07-04,9,12781,2061,9,3,1.7
"2932",2020-07-03,9,12772,2058,8,4,1.7
"2933",2020-07-02,9,12764,2054,11,3,1.8
"2934",2020-07-01,9,12753,2051,24,5,1.7
"2935",2020-06-30,9,12729,2046,18,6,1.6
"2936",2020-06-29,9,12711,2040,16,2,1.5
"2937",2020-06-28,9,12695,2038,11,1,1.6
"2938",2020-06-27,9,12684,2037,8,6,1.5
"2939",2020-06-26,9,12676,2031,12,5,1.5
"2940",2020-06-25,9,12664,2026,8,3,1.8
"2941",2020-06-24,9,12656,2023,17,4,1.8
"2942",2020-06-23,9,12639,2019,15,7,1.8
"2943",2020-06-22,9,12624,2012,19,2,1.8
"2944",2020-06-21,9,12605,2010,8,6,1.8
"2945",2020-06-20,9,12597,2004,8,3,1.9
"2946",2020-06-19,9,12589,2001,24,3,2
"2947",2020-06-18,9,12565,1998,13,5,1.9
"2948",2020-06-17,9,12552,1993,16,3,2.1
"2949",2020-06-16,9,12536,1990,15,6,2.3
"2950",2020-06-15,9,12521,1984,20,3,2.5
"2951",2020-06-14,9,12501,1981,9,5,2.6
"2952",2020-06-13,9,12492,1976,13,4,2.7
"2953",2020-06-12,9,12479,1972,19,9,2.9
"2954",2020-06-11,9,12460,1963,25,8,3.5
"2955",2020-06-10,9,12435,1955,31,10,4.2
"2956",2020-06-09,9,12404,1945,25,4,4.9
"2957",2020-06-08,9,12379,1941,23,7,5.4
"2958",2020-06-07,9,12356,1934,18,14,5.9
"2959",2020-06-06,9,12338,1920,24,5,6.6
"2960",2020-06-05,9,12314,1915,51,9,7.1
"2961",2020-06-04,9,12263,1906,65,9,7.6
"2962",2020-06-03,9,12198,1897,68,13,8.5
"2963",2020-06-02,9,12130,1884,52,8,9.1
"2964",2020-06-01,9,12078,1876,52,14,9.6
"2965",2020-05-31,9,12026,1862,62,7,9.8
"2966",2020-05-30,9,11964,1855,51,8,9.7
"2967",2020-05-29,9,11913,1847,75,11,9.5
"2968",2020-05-28,9,11838,1836,116,17,9.7
"2969",2020-05-27,9,11722,1819,104,13,9.2
"2970",2020-05-26,9,11618,1806,81,13,9.7
"2971",2020-05-25,9,11537,1793,61,13,10.2
"2972",2020-05-24,9,11476,1780,59,10,11.3
"2973",2020-05-23,9,11417,1770,41,15,11.9
"2974",2020-05-22,9,11376,1755,82,13,12.8
"2975",2020-05-21,9,11294,1742,87,13,13.2
"2976",2020-05-20,9,11207,1729,137,12,13.4
"2977",2020-05-19,9,11070,1717,108,17,14.1
"2978",2020-05-18,9,10962,1700,119,15,15.3
"2979",2020-05-17,9,10843,1685,97,12,17.7
"2980",2020-05-16,9,10746,1673,92,13,18.4
"2981",2020-05-15,9,10654,1660,104,10,18.6
"2982",2020-05-14,9,10550,1650,94,14,19.9
"2983",2020-05-13,9,10456,1636,177,19,21.5
"2984",2020-05-12,9,10279,1617,178,8,21.9
"2985",2020-05-11,9,10101,1609,254,14,21.8
"2986",2020-05-10,9,9847,1595,134,15,20.3
"2987",2020-05-09,9,9713,1580,107,26,21
"2988",2020-05-08,9,9606,1554,178,17,22.8
"2989",2020-05-07,9,9428,1537,181,31,24.4
"2990",2020-05-06,9,9247,1506,200,34,25.5
"2991",2020-05-05,9,9047,1472,173,32,28.1
"2992",2020-05-04,9,8874,1440,167,31,30
"2993",2020-05-03,9,8707,1409,176,20,32.7
"2994",2020-05-02,9,8531,1389,208,24,34.1
"2995",2020-05-01,9,8323,1365,265,12,33.9
"2996",2020-04-30,9,8058,1353,245,41,33.7
"2997",2020-04-29,9,7813,1312,348,34,34.3
"2998",2020-04-28,9,7465,1278,276,31,33.2
"2999",2020-04-27,9,7189,1247,321,33,32.4
"3000",2020-04-26,9,6868,1214,254,37,29.9
"3001",2020-04-25,9,6614,1177,200,29,29
"3002",2020-04-24,9,6414,1148,250,38,28.4
"3003",2020-04-23,9,6164,1110,281,35,28.2
"3004",2020-04-22,9,5883,1075,286,31,27.8
"3005",2020-04-21,9,5597,1044,228,46,26.5
"3006",2020-04-20,9,5369,998,183,41,25.7
"3007",2020-04-19,9,5186,957,201,51,25.9
"3008",2020-04-18,9,4985,906,167,42,25.5
"3009",2020-04-17,9,4818,864,239,49,25.6
"3010",2020-04-16,9,4579,815,261,39,25.5
"3011",2020-04-15,9,4318,776,211,41,25.3
"3012",2020-04-14,9,4107,735,185,35,25.7
"3013",2020-04-13,9,3922,700,194,45,26.2
"3014",2020-04-12,9,3728,655,179,37,26.1
"3015",2020-04-11,9,3549,618,172,42,25.6
"3016",2020-04-10,9,3377,576,234,62,25.6
"3017",2020-04-09,9,3143,514,246,31,24.9
"3018",2020-04-08,9,2897,483,237,51,23.8
"3019",2020-04-07,9,2660,432,212,46,22.8
"3020",2020-04-06,9,2448,386,186,42,21.5
"3021",2020-04-05,9,2262,344,153,37,21.1
"3022",2020-04-04,9,2109,307,174,41,20.2
"3023",2020-04-03,9,1935,266,191,32,18.9
"3024",2020-04-02,9,1744,234,183,31,17.8
"3025",2020-04-01,9,1561,203,183,24,16.7
